-- MySQL dump 10.17  Distrib 10.3.15-MariaDB, for debian-linux-gnu (x86_64)
--
-- Host: localhost    Database: boty
-- ------------------------------------------------------
-- Server version	10.3.15-MariaDB-1:10.3.15+maria~bionic

/*!40101 SET @OLD_CHARACTER_SET_CLIENT=@@CHARACTER_SET_CLIENT */;
/*!40101 SET @OLD_CHARACTER_SET_RESULTS=@@CHARACTER_SET_RESULTS */;
/*!40101 SET @OLD_COLLATION_CONNECTION=@@COLLATION_CONNECTION */;
/*!40101 SET NAMES utf8mb4 */;
/*!40103 SET @OLD_TIME_ZONE=@@TIME_ZONE */;
/*!40103 SET TIME_ZONE='+00:00' */;
/*!40014 SET @OLD_UNIQUE_CHECKS=@@UNIQUE_CHECKS, UNIQUE_CHECKS=0 */;
/*!40014 SET @OLD_FOREIGN_KEY_CHECKS=@@FOREIGN_KEY_CHECKS, FOREIGN_KEY_CHECKS=0 */;
/*!40101 SET @OLD_SQL_MODE=@@SQL_MODE, SQL_MODE='NO_AUTO_VALUE_ON_ZERO' */;
/*!40111 SET @OLD_SQL_NOTES=@@SQL_NOTES, SQL_NOTES=0 */;

--
-- Table structure for table `bot`
--

DROP TABLE IF EXISTS `bot`;
/*!40101 SET @saved_cs_client     = @@character_set_client */;
/*!40101 SET character_set_client = utf8 */;
CREATE TABLE `bot` (
  `id` int(11) NOT NULL AUTO_INCREMENT,
  `personality_id` int(11) NOT NULL,
  `name` varchar(255) COLLATE utf8mb4_unicode_ci NOT NULL,
  `created_at` datetime NOT NULL,
  `enabled` tinyint(1) NOT NULL,
  PRIMARY KEY (`id`),
  KEY `IDX_11F0411CF3DE080` (`personality_id`),
  CONSTRAINT `FK_11F0411CF3DE080` FOREIGN KEY (`personality_id`) REFERENCES `personality` (`id`) ON DELETE CASCADE
) ENGINE=InnoDB AUTO_INCREMENT=6 DEFAULT CHARSET=utf8mb4 COLLATE=utf8mb4_unicode_ci;
/*!40101 SET character_set_client = @saved_cs_client */;

--
-- Dumping data for table `bot`
--

LOCK TABLES `bot` WRITE;
/*!40000 ALTER TABLE `bot` DISABLE KEYS */;
INSERT INTO `bot` VALUES (1,4,'Yoda','2019-06-21 14:54:03',1),(2,1,'bot0','2019-06-21 16:54:03',1),(3,2,'bot1','2019-06-21 16:54:03',1),(4,5,'Melanie','2019-06-21 16:54:05',1),(5,3,'Dario','2019-06-24 12:58:24',1);
/*!40000 ALTER TABLE `bot` ENABLE KEYS */;
UNLOCK TABLES;

--
-- Table structure for table `category`
--

DROP TABLE IF EXISTS `category`;
/*!40101 SET @saved_cs_client     = @@character_set_client */;
/*!40101 SET character_set_client = utf8 */;
CREATE TABLE `category` (
  `id` int(11) NOT NULL AUTO_INCREMENT,
  `name` varchar(255) COLLATE utf8mb4_unicode_ci NOT NULL,
  PRIMARY KEY (`id`)
) ENGINE=InnoDB AUTO_INCREMENT=13 DEFAULT CHARSET=utf8mb4 COLLATE=utf8mb4_unicode_ci;
/*!40101 SET character_set_client = @saved_cs_client */;

--
-- Dumping data for table `category`
--

LOCK TABLES `category` WRITE;
/*!40000 ALTER TABLE `category` DISABLE KEYS */;
INSERT INTO `category` VALUES (1,'Default'),(2,'Random'),(3,'Family & Friendship'),(4,'Movie'),(5,'Music'),(6,'Sports'),(7,'Food'),(8,'Travel & Nature'),(9,'Technology'),(10,'Fashion'),(11,'Hobbies'),(12,'Weird');
/*!40000 ALTER TABLE `category` ENABLE KEYS */;
UNLOCK TABLES;

--
-- Table structure for table `personality`
--

DROP TABLE IF EXISTS `personality`;
/*!40101 SET @saved_cs_client     = @@character_set_client */;
/*!40101 SET character_set_client = utf8 */;
CREATE TABLE `personality` (
  `id` int(11) NOT NULL AUTO_INCREMENT,
  `personality_typ_one_id` int(11) NOT NULL,
  `personality_typ_two_id` int(11) DEFAULT NULL,
  `name` varchar(255) COLLATE utf8mb4_unicode_ci NOT NULL,
  PRIMARY KEY (`id`),
  KEY `IDX_E1CF90AE5A525FDD` (`personality_typ_one_id`),
  KEY `IDX_E1CF90AE310EB812` (`personality_typ_two_id`),
  CONSTRAINT `FK_E1CF90AE310EB812` FOREIGN KEY (`personality_typ_two_id`) REFERENCES `personality_typ` (`id`) ON DELETE CASCADE,
  CONSTRAINT `FK_E1CF90AE5A525FDD` FOREIGN KEY (`personality_typ_one_id`) REFERENCES `personality_typ` (`id`) ON DELETE CASCADE
) ENGINE=InnoDB AUTO_INCREMENT=6 DEFAULT CHARSET=utf8mb4 COLLATE=utf8mb4_unicode_ci;
/*!40101 SET character_set_client = @saved_cs_client */;

--
-- Dumping data for table `personality`
--

LOCK TABLES `personality` WRITE;
/*!40000 ALTER TABLE `personality` DISABLE KEYS */;
INSERT INTO `personality` VALUES (1,4,5,'Flowery-Mean'),(2,4,2,'Flowery-Formal'),(3,6,5,'Crazy-Mean'),(4,8,NULL,'Yoda'),(5,7,NULL,'Veganer');
/*!40000 ALTER TABLE `personality` ENABLE KEYS */;
UNLOCK TABLES;

--
-- Table structure for table `personality_typ`
--

DROP TABLE IF EXISTS `personality_typ`;
/*!40101 SET @saved_cs_client     = @@character_set_client */;
/*!40101 SET character_set_client = utf8 */;
CREATE TABLE `personality_typ` (
  `id` int(11) NOT NULL AUTO_INCREMENT,
  `name` varchar(255) COLLATE utf8mb4_unicode_ci NOT NULL,
  PRIMARY KEY (`id`)
) ENGINE=InnoDB AUTO_INCREMENT=9 DEFAULT CHARSET=utf8mb4 COLLATE=utf8mb4_unicode_ci;
/*!40101 SET character_set_client = @saved_cs_client */;

--
-- Dumping data for table `personality_typ`
--

LOCK TABLES `personality_typ` WRITE;
/*!40000 ALTER TABLE `personality_typ` DISABLE KEYS */;
INSERT INTO `personality_typ` VALUES (1,'Normal'),(2,'Formal'),(3,'Informal'),(4,'Flowery'),(5,'Mean'),(6,'Crazy'),(7,'Vegan'),(8,'Yoda');
/*!40000 ALTER TABLE `personality_typ` ENABLE KEYS */;
UNLOCK TABLES;

--
-- Table structure for table `phrase`
--

DROP TABLE IF EXISTS `phrase`;
/*!40101 SET @saved_cs_client     = @@character_set_client */;
/*!40101 SET character_set_client = utf8 */;
CREATE TABLE `phrase` (
  `id` int(11) NOT NULL AUTO_INCREMENT,
  `phrase_typ_id` int(11) NOT NULL,
  `personality_typ_id` int(11) NOT NULL,
  `category_id` int(11) NOT NULL,
  `phrase` longtext COLLATE utf8mb4_unicode_ci NOT NULL,
  PRIMARY KEY (`id`),
  KEY `IDX_A24BE60C11431DCA` (`phrase_typ_id`),
  KEY `IDX_A24BE60CD1CBD0D0` (`personality_typ_id`),
  KEY `IDX_A24BE60C12469DE2` (`category_id`),
  CONSTRAINT `FK_A24BE60C11431DCA` FOREIGN KEY (`phrase_typ_id`) REFERENCES `phrase_typ` (`id`) ON DELETE CASCADE,
  CONSTRAINT `FK_A24BE60C12469DE2` FOREIGN KEY (`category_id`) REFERENCES `category` (`id`) ON DELETE CASCADE,
  CONSTRAINT `FK_A24BE60CD1CBD0D0` FOREIGN KEY (`personality_typ_id`) REFERENCES `personality_typ` (`id`) ON DELETE CASCADE
) ENGINE=InnoDB AUTO_INCREMENT=198 DEFAULT CHARSET=utf8mb4 COLLATE=utf8mb4_unicode_ci;
/*!40101 SET character_set_client = @saved_cs_client */;

--
-- Dumping data for table `phrase`
--

LOCK TABLES `phrase` WRITE;
/*!40000 ALTER TABLE `phrase` DISABLE KEYS */;
INSERT INTO `phrase` VALUES (1,3,1,1,'Yes'),(2,3,2,1,'Certainly'),(3,3,3,1,'Ok'),(4,3,4,1,'Surely'),(5,3,5,1,'Obviously'),(6,3,6,1,'Uh-huh'),(7,3,7,1,'Yes I\'m a Vegan'),(8,3,3,1,'Yep'),(9,3,3,1,'Sure'),(10,3,3,1,'You bet'),(11,3,1,1,'Okay'),(12,3,1,1,'Okie dokie'),(13,3,1,1,'Alright'),(14,3,1,1,'Sounds good'),(15,3,2,1,'Definitly'),(16,3,2,1,'Gladly'),(17,3,2,1,'Absolutely'),(18,3,2,1,'Indeed'),(19,3,4,1,'Undoubtedly'),(20,3,4,1,'Indubitably'),(21,3,5,1,'Fine'),(22,3,5,1,'Noooooooo'),(23,3,6,1,'Forsooth'),(24,3,6,1,'Verily'),(25,3,8,1,'Yes the answer is'),(26,3,8,1,'Yes Yes, hmmm'),(27,3,8,1,'Herh herh herh'),(28,3,7,1,'Yeay'),(29,3,1,1,'No'),(30,3,2,1,'Unfortunately not'),(31,3,3,1,'Nope'),(32,3,4,1,'That doesn\'t sound right'),(33,3,5,1,'Fuck Off'),(34,3,6,1,'I\'m slammed'),(35,3,7,1,'It\'s not my thing'),(36,3,6,1,'Look! Squirrel!'),(37,3,3,1,'Heck No'),(38,3,1,1,'No Way'),(39,3,2,1,'Regrettably not'),(40,3,7,1,'It\'s a Wednesday. I have a \"No on Wednesday\" policy'),(41,3,5,1,'Ask me in a year'),(42,3,2,1,'If only i could say yes'),(43,3,4,1,'I’m at the end of my rope right now so have to take a raincheck'),(44,3,5,1,'I’m in a season of NO'),(45,3,6,1,'NoNoNoNoNoNo'),(46,3,4,1,'My body says yes, but my heart says No'),(47,3,8,1,'To answer, I no have'),(48,3,8,1,'No Yes, hmmm'),(49,3,8,1,'To disagree I have'),(50,3,4,1,'N to the O.'),(51,7,1,1,'How are you'),(52,7,3,1,'Hey Hey'),(53,7,3,1,'What\'s up'),(54,7,1,1,'Good to see you'),(55,7,2,1,'Nice to see you'),(56,7,1,1,'Long time no see'),(57,7,3,1,'It\'s been a while'),(58,7,2,1,'Good morning'),(59,7,2,1,'Pleased to meet you'),(60,7,3,1,'Yo'),(61,7,6,1,'Whazzup?'),(62,7,4,1,' G’day mate'),(63,7,5,1,'Wish you a horrible day'),(64,7,5,1,'Why are you here?'),(65,7,5,1,'Fucking Asshole'),(66,7,7,1,'Holy Cow'),(67,7,7,1,'Happy Vegan Day'),(68,7,4,1,'A wonderfull day to you'),(69,7,6,1,'Whalalalalaala'),(70,7,8,1,'May the Force be with you'),(71,7,8,1,'To see you good.  Yeesssssss'),(72,7,8,1,'To meet you pleased. I am'),(73,7,1,1,'Hello'),(74,2,1,1,'How are you?'),(75,2,1,1,'How are you doing?'),(76,2,3,1,'How do you do?'),(77,2,3,1,'How\'s everything?'),(78,2,4,1,'Hope you\'re feeling well today?'),(79,2,2,1,'How do you do?'),(80,2,3,1,'Feeling well?'),(81,2,5,1,'Hope you\'re feeling bad'),(82,2,5,1,'I don\'t care how you are'),(83,2,5,1,'Do you feel bad?, I don\'t give a *'),(84,2,4,1,'Did you have a pleasant day?'),(85,2,6,1,'How\'s the Duck in the oven?'),(86,2,6,1,'Muhahaha *Evil laugh cough cough* mh how are you?'),(87,2,7,1,'I\'m Vegan, how are you?'),(88,2,8,1,'Hope, feeling well today, you are, hmm?  Hmmmmmm.'),(89,2,8,1,'Pleasant day, did you have, yeees?'),(90,2,8,1,'How doing are you, hmm?  Yes, hmmm.'),(91,2,7,1,'How\'s your day?'),(92,3,1,1,'Good'),(93,3,5,1,'Acceptable'),(94,3,2,1,'Excellent'),(95,3,3,1,'Awesome'),(96,3,1,1,'Great'),(97,3,4,1,'Favorable'),(98,3,4,1,'Marvelous'),(99,3,7,1,'Wonderful'),(100,3,2,1,'Well'),(101,3,7,1,'Satisfactory'),(102,3,3,1,'Super'),(103,3,4,1,'Prime'),(104,3,5,1,'Superior'),(105,3,6,1,'Up to snuff'),(106,3,6,1,'Worthy'),(107,3,6,1,'Wuff Wuff'),(108,3,8,1,'Feel the force!'),(109,3,8,1,'Very Good. Yes, hmmm'),(110,3,8,1,'Many of the truths that we cling to depend on our point of view'),(111,3,7,1,'Woaw'),(112,3,1,1,'Bad'),(113,3,2,1,'Ok'),(114,3,3,1,'Awful'),(115,3,3,1,'Atrocious'),(116,3,1,1,'Not Good'),(117,3,3,1,'Lousy'),(118,3,2,1,'Rough'),(119,3,4,1,'Bottom out'),(120,3,2,1,'Inadequate'),(121,3,4,1,'Abominable'),(122,3,5,1,'None of your business'),(123,3,5,1,'Better then you'),(124,3,5,1,'Imperfect'),(125,3,7,1,'Garbage'),(126,3,7,1,'Bummer'),(127,3,6,1,'Grrr'),(128,3,8,1,'Not if anything to say about it I have'),(129,3,8,1,'Clear your mind must be, if you are to find the villains behind this plot'),(130,3,8,1,'That is why you fail'),(131,3,6,1,'Hisssss'),(132,2,1,4,'What is your favourite Movie?'),(133,2,1,4,'What Movie do you like the most?'),(134,2,1,4,'What is your most liked Movie?'),(135,2,3,4,'Do you have a favourite Movie?'),(136,2,3,4,'What Movie do you love?'),(137,2,3,4,'Tell me your favourite Movie?'),(138,2,2,4,'Which Movie would you call your favourite?'),(139,2,2,4,'Which Movie is your personal favourite?'),(140,2,4,4,'What would you say is the Movie you treasured the most?'),(141,2,4,4,'Which is the Movie you choose as your best-loved?'),(142,2,5,4,'Your favourite Movie? Let\' me Guess you still read children book only'),(143,2,5,4,'Not that i care, but im forced to ask: What\'s your favourite Movie?'),(144,2,5,4,'You gonna tell a Idiot like you got a good favourite Movie?'),(145,2,6,4,'Moooooouvieeee?'),(146,2,6,4,'Got a favourite Movie? Tell me Tell me'),(147,2,7,4,'favourite Movie where no Animals were hurt?'),(148,2,8,4,'Your favourite movie, what is, hmm?'),(149,2,8,4,'Favourite movie, you have, hmm?  Hmmmmmm'),(150,3,1,4,'Men in Black'),(151,3,1,4,'Batman'),(152,3,1,4,'Captain Marvel'),(153,3,2,4,'English for dummies'),(154,3,2,4,'The diary of anne frank'),(155,3,2,4,'Freedom Writers'),(156,3,3,4,'Inglourious Basterds'),(157,3,3,4,'Last Summer'),(158,3,3,4,'American Pie'),(159,3,4,4,'Driving Miss Daisy'),(160,3,4,4,'The Wizard of Oz'),(161,3,4,4,'Alice in Wonderland'),(162,3,5,4,'Daddy doesnt like you extended Version'),(163,3,5,4,'Your Mom knows why'),(164,3,5,4,'Fuckface Second Part your Mother'),(165,3,6,4,'The Sixth Sense'),(166,3,6,4,'Shutter Island'),(167,3,6,4,'Inception'),(168,3,7,4,'Vegucated'),(169,3,7,4,'Speciesism'),(170,3,7,4,'Live and Let Live'),(171,3,8,4,'Revenge on the Sith'),(172,3,8,4,'Attack of the Clones'),(173,3,8,4,'Return of the Jedi'),(174,4,8,2,'Fear is the path to the dark side. Fear leads to anger. Anger leads to hate. Hate leads to suffering'),(175,4,8,2,'Powerful you have become, the dark side I sense in you'),(176,4,8,2,'PATIENCE YOU MUST HAVE my young padawan'),(177,4,8,2,'Once you start down the dark path, forever will it dominate your destiny, consume you it will'),(178,4,8,2,'You must unlearn what you have learned'),(179,4,8,2,'When you look at the dark side, careful you must be. For the dark side looks back'),(180,4,8,2,'Do or do not. There is no try'),(181,4,8,2,'Ohhh. Great warrior.Wars not make one great'),(182,4,8,2,'Always two there are, no more, no less. A master and an apprentice'),(183,4,8,2,'Difficult to see. Always in motion is the future'),(184,4,8,2,'You think Yoda stops teaching, just because his student does not want to hear? A teacher Yoda is. Yoda teaches like drunkards drink, like killers kill'),(185,4,8,2,'Foreplay, cuddling – a Jedi craves not these things'),(186,4,8,2,'Lost a planet Master Obi-Wan has. How embarrassing'),(187,4,8,2,'Mudhole? Slimy? My home this is!'),(188,4,8,2,'When nine hundred years old you reach, look as good, you will not, hmmmm?'),(189,4,8,2,'Much to learn you still have…young padawan.” … “This is just the beginning!'),(190,4,8,2,'If no mistake have you made, yet losing you are … a different game you should play'),(191,4,8,2,'To answer power with power, the Jedi way this is not. In this war, a danger there is, of losing who we are'),(192,4,8,2,'Clear your mind must be, if you are to find the villains behind this plot'),(193,4,8,2,'To be Jedi is to face the truth, and choose. Give off light, or darkness, Padawan. Be a candle, or the night'),(194,4,8,2,'Hmm. In the end, cowards are those who follow the dark side'),(195,1,1,1,'1'),(196,1,1,1,'2'),(197,1,1,1,'3');
/*!40000 ALTER TABLE `phrase` ENABLE KEYS */;
UNLOCK TABLES;

--
-- Table structure for table `phrase_to_alternative`
--

DROP TABLE IF EXISTS `phrase_to_alternative`;
/*!40101 SET @saved_cs_client     = @@character_set_client */;
/*!40101 SET character_set_client = utf8 */;
CREATE TABLE `phrase_to_alternative` (
  `id` int(11) NOT NULL AUTO_INCREMENT,
  `phrase_id` int(11) NOT NULL,
  `alternative_phrase_id` int(11) NOT NULL,
  PRIMARY KEY (`id`),
  KEY `IDX_8005B8008671F084` (`phrase_id`),
  KEY `IDX_8005B80039EA9653` (`alternative_phrase_id`),
  CONSTRAINT `FK_8005B80039EA9653` FOREIGN KEY (`alternative_phrase_id`) REFERENCES `phrase` (`id`) ON DELETE CASCADE,
  CONSTRAINT `FK_8005B8008671F084` FOREIGN KEY (`phrase_id`) REFERENCES `phrase` (`id`) ON DELETE CASCADE
) ENGINE=InnoDB AUTO_INCREMENT=4073 DEFAULT CHARSET=utf8mb4 COLLATE=utf8mb4_unicode_ci;
/*!40101 SET character_set_client = @saved_cs_client */;

--
-- Dumping data for table `phrase_to_alternative`
--

LOCK TABLES `phrase_to_alternative` WRITE;
/*!40000 ALTER TABLE `phrase_to_alternative` DISABLE KEYS */;
INSERT INTO `phrase_to_alternative` VALUES (1,1,2),(2,2,1),(3,1,3),(4,3,1),(5,1,4),(6,4,1),(7,1,5),(8,5,1),(9,1,6),(10,6,1),(11,1,7),(12,7,1),(13,1,8),(14,8,1),(15,1,9),(16,9,1),(17,1,10),(18,10,1),(19,1,11),(20,11,1),(21,1,12),(22,12,1),(23,1,13),(24,13,1),(25,1,14),(26,14,1),(27,1,15),(28,15,1),(29,1,16),(30,16,1),(31,1,17),(32,17,1),(33,1,18),(34,18,1),(35,1,19),(36,19,1),(37,1,20),(38,20,1),(39,1,21),(40,21,1),(41,1,22),(42,22,1),(43,1,23),(44,23,1),(45,1,24),(46,24,1),(47,1,25),(48,25,1),(49,1,26),(50,26,1),(51,1,27),(52,27,1),(53,1,28),(54,28,1),(55,2,3),(56,3,2),(57,2,4),(58,4,2),(59,2,5),(60,5,2),(61,2,6),(62,6,2),(63,2,7),(64,7,2),(65,2,8),(66,8,2),(67,2,9),(68,9,2),(69,2,10),(70,10,2),(71,2,11),(72,11,2),(73,2,12),(74,12,2),(75,2,13),(76,13,2),(77,2,14),(78,14,2),(79,2,15),(80,15,2),(81,2,16),(82,16,2),(83,2,17),(84,17,2),(85,2,18),(86,18,2),(87,2,19),(88,19,2),(89,2,20),(90,20,2),(91,2,21),(92,21,2),(93,2,22),(94,22,2),(95,2,23),(96,23,2),(97,2,24),(98,24,2),(99,2,25),(100,25,2),(101,2,26),(102,26,2),(103,2,27),(104,27,2),(105,2,28),(106,28,2),(107,3,4),(108,4,3),(109,3,5),(110,5,3),(111,3,6),(112,6,3),(113,3,7),(114,7,3),(115,3,8),(116,8,3),(117,3,9),(118,9,3),(119,3,10),(120,10,3),(121,3,11),(122,11,3),(123,3,12),(124,12,3),(125,3,13),(126,13,3),(127,3,14),(128,14,3),(129,3,15),(130,15,3),(131,3,16),(132,16,3),(133,3,17),(134,17,3),(135,3,18),(136,18,3),(137,3,19),(138,19,3),(139,3,20),(140,20,3),(141,3,21),(142,21,3),(143,3,22),(144,22,3),(145,3,23),(146,23,3),(147,3,24),(148,24,3),(149,3,25),(150,25,3),(151,3,26),(152,26,3),(153,3,27),(154,27,3),(155,3,28),(156,28,3),(157,4,5),(158,5,4),(159,4,6),(160,6,4),(161,4,7),(162,7,4),(163,4,8),(164,8,4),(165,4,9),(166,9,4),(167,4,10),(168,10,4),(169,4,11),(170,11,4),(171,4,12),(172,12,4),(173,4,13),(174,13,4),(175,4,14),(176,14,4),(177,4,15),(178,15,4),(179,4,16),(180,16,4),(181,4,17),(182,17,4),(183,4,18),(184,18,4),(185,4,19),(186,19,4),(187,4,20),(188,20,4),(189,4,21),(190,21,4),(191,4,22),(192,22,4),(193,4,23),(194,23,4),(195,4,24),(196,24,4),(197,4,25),(198,25,4),(199,4,26),(200,26,4),(201,4,27),(202,27,4),(203,4,28),(204,28,4),(205,5,6),(206,6,5),(207,5,7),(208,7,5),(209,5,8),(210,8,5),(211,5,9),(212,9,5),(213,5,10),(214,10,5),(215,5,11),(216,11,5),(217,5,12),(218,12,5),(219,5,13),(220,13,5),(221,5,14),(222,14,5),(223,5,15),(224,15,5),(225,5,16),(226,16,5),(227,5,17),(228,17,5),(229,5,18),(230,18,5),(231,5,19),(232,19,5),(233,5,20),(234,20,5),(235,5,21),(236,21,5),(237,5,22),(238,22,5),(239,5,23),(240,23,5),(241,5,24),(242,24,5),(243,5,25),(244,25,5),(245,5,26),(246,26,5),(247,5,27),(248,27,5),(249,5,28),(250,28,5),(251,6,7),(252,7,6),(253,6,8),(254,8,6),(255,6,9),(256,9,6),(257,6,10),(258,10,6),(259,6,11),(260,11,6),(261,6,12),(262,12,6),(263,6,13),(264,13,6),(265,6,14),(266,14,6),(267,6,15),(268,15,6),(269,6,16),(270,16,6),(271,6,17),(272,17,6),(273,6,18),(274,18,6),(275,6,19),(276,19,6),(277,6,20),(278,20,6),(279,6,21),(280,21,6),(281,6,22),(282,22,6),(283,6,23),(284,23,6),(285,6,24),(286,24,6),(287,6,25),(288,25,6),(289,6,26),(290,26,6),(291,6,27),(292,27,6),(293,6,28),(294,28,6),(295,7,8),(296,8,7),(297,7,9),(298,9,7),(299,7,10),(300,10,7),(301,7,11),(302,11,7),(303,7,12),(304,12,7),(305,7,13),(306,13,7),(307,7,14),(308,14,7),(309,7,15),(310,15,7),(311,7,16),(312,16,7),(313,7,17),(314,17,7),(315,7,18),(316,18,7),(317,7,19),(318,19,7),(319,7,20),(320,20,7),(321,7,21),(322,21,7),(323,7,22),(324,22,7),(325,7,23),(326,23,7),(327,7,24),(328,24,7),(329,7,25),(330,25,7),(331,7,26),(332,26,7),(333,7,27),(334,27,7),(335,7,28),(336,28,7),(337,8,9),(338,9,8),(339,8,10),(340,10,8),(341,8,11),(342,11,8),(343,8,12),(344,12,8),(345,8,13),(346,13,8),(347,8,14),(348,14,8),(349,8,15),(350,15,8),(351,8,16),(352,16,8),(353,8,17),(354,17,8),(355,8,18),(356,18,8),(357,8,19),(358,19,8),(359,8,20),(360,20,8),(361,8,21),(362,21,8),(363,8,22),(364,22,8),(365,8,23),(366,23,8),(367,8,24),(368,24,8),(369,8,25),(370,25,8),(371,8,26),(372,26,8),(373,8,27),(374,27,8),(375,8,28),(376,28,8),(377,9,10),(378,10,9),(379,9,11),(380,11,9),(381,9,12),(382,12,9),(383,9,13),(384,13,9),(385,9,14),(386,14,9),(387,9,15),(388,15,9),(389,9,16),(390,16,9),(391,9,17),(392,17,9),(393,9,18),(394,18,9),(395,9,19),(396,19,9),(397,9,20),(398,20,9),(399,9,21),(400,21,9),(401,9,22),(402,22,9),(403,9,23),(404,23,9),(405,9,24),(406,24,9),(407,9,25),(408,25,9),(409,9,26),(410,26,9),(411,9,27),(412,27,9),(413,9,28),(414,28,9),(415,10,11),(416,11,10),(417,10,12),(418,12,10),(419,10,13),(420,13,10),(421,10,14),(422,14,10),(423,10,15),(424,15,10),(425,10,16),(426,16,10),(427,10,17),(428,17,10),(429,10,18),(430,18,10),(431,10,19),(432,19,10),(433,10,20),(434,20,10),(435,10,21),(436,21,10),(437,10,22),(438,22,10),(439,10,23),(440,23,10),(441,10,24),(442,24,10),(443,10,25),(444,25,10),(445,10,26),(446,26,10),(447,10,27),(448,27,10),(449,10,28),(450,28,10),(451,11,12),(452,12,11),(453,11,13),(454,13,11),(455,11,14),(456,14,11),(457,11,15),(458,15,11),(459,11,16),(460,16,11),(461,11,17),(462,17,11),(463,11,18),(464,18,11),(465,11,19),(466,19,11),(467,11,20),(468,20,11),(469,11,21),(470,21,11),(471,11,22),(472,22,11),(473,11,23),(474,23,11),(475,11,24),(476,24,11),(477,11,25),(478,25,11),(479,11,26),(480,26,11),(481,11,27),(482,27,11),(483,11,28),(484,28,11),(485,12,13),(486,13,12),(487,12,14),(488,14,12),(489,12,15),(490,15,12),(491,12,16),(492,16,12),(493,12,17),(494,17,12),(495,12,18),(496,18,12),(497,12,19),(498,19,12),(499,12,20),(500,20,12),(501,12,21),(502,21,12),(503,12,22),(504,22,12),(505,12,23),(506,23,12),(507,12,24),(508,24,12),(509,12,25),(510,25,12),(511,12,26),(512,26,12),(513,12,27),(514,27,12),(515,12,28),(516,28,12),(517,13,14),(518,14,13),(519,13,15),(520,15,13),(521,13,16),(522,16,13),(523,13,17),(524,17,13),(525,13,18),(526,18,13),(527,13,19),(528,19,13),(529,13,20),(530,20,13),(531,13,21),(532,21,13),(533,13,22),(534,22,13),(535,13,23),(536,23,13),(537,13,24),(538,24,13),(539,13,25),(540,25,13),(541,13,26),(542,26,13),(543,13,27),(544,27,13),(545,13,28),(546,28,13),(547,14,15),(548,15,14),(549,14,16),(550,16,14),(551,14,17),(552,17,14),(553,14,18),(554,18,14),(555,14,19),(556,19,14),(557,14,20),(558,20,14),(559,14,21),(560,21,14),(561,14,22),(562,22,14),(563,14,23),(564,23,14),(565,14,24),(566,24,14),(567,14,25),(568,25,14),(569,14,26),(570,26,14),(571,14,27),(572,27,14),(573,14,28),(574,28,14),(575,15,16),(576,16,15),(577,15,17),(578,17,15),(579,15,18),(580,18,15),(581,15,19),(582,19,15),(583,15,20),(584,20,15),(585,15,21),(586,21,15),(587,15,22),(588,22,15),(589,15,23),(590,23,15),(591,15,24),(592,24,15),(593,15,25),(594,25,15),(595,15,26),(596,26,15),(597,15,27),(598,27,15),(599,15,28),(600,28,15),(601,16,17),(602,17,16),(603,16,18),(604,18,16),(605,16,19),(606,19,16),(607,16,20),(608,20,16),(609,16,21),(610,21,16),(611,16,22),(612,22,16),(613,16,23),(614,23,16),(615,16,24),(616,24,16),(617,16,25),(618,25,16),(619,16,26),(620,26,16),(621,16,27),(622,27,16),(623,16,28),(624,28,16),(625,17,18),(626,18,17),(627,17,19),(628,19,17),(629,17,20),(630,20,17),(631,17,21),(632,21,17),(633,17,22),(634,22,17),(635,17,23),(636,23,17),(637,17,24),(638,24,17),(639,17,25),(640,25,17),(641,17,26),(642,26,17),(643,17,27),(644,27,17),(645,17,28),(646,28,17),(647,18,19),(648,19,18),(649,18,20),(650,20,18),(651,18,21),(652,21,18),(653,18,22),(654,22,18),(655,18,23),(656,23,18),(657,18,24),(658,24,18),(659,18,25),(660,25,18),(661,18,26),(662,26,18),(663,18,27),(664,27,18),(665,18,28),(666,28,18),(667,19,20),(668,20,19),(669,19,21),(670,21,19),(671,19,22),(672,22,19),(673,19,23),(674,23,19),(675,19,24),(676,24,19),(677,19,25),(678,25,19),(679,19,26),(680,26,19),(681,19,27),(682,27,19),(683,19,28),(684,28,19),(685,20,21),(686,21,20),(687,20,22),(688,22,20),(689,20,23),(690,23,20),(691,20,24),(692,24,20),(693,20,25),(694,25,20),(695,20,26),(696,26,20),(697,20,27),(698,27,20),(699,20,28),(700,28,20),(701,21,22),(702,22,21),(703,21,23),(704,23,21),(705,21,24),(706,24,21),(707,21,25),(708,25,21),(709,21,26),(710,26,21),(711,21,27),(712,27,21),(713,21,28),(714,28,21),(715,22,23),(716,23,22),(717,22,24),(718,24,22),(719,22,25),(720,25,22),(721,22,26),(722,26,22),(723,22,27),(724,27,22),(725,22,28),(726,28,22),(727,23,24),(728,24,23),(729,23,25),(730,25,23),(731,23,26),(732,26,23),(733,23,27),(734,27,23),(735,23,28),(736,28,23),(737,24,25),(738,25,24),(739,24,26),(740,26,24),(741,24,27),(742,27,24),(743,24,28),(744,28,24),(745,25,26),(746,26,25),(747,25,27),(748,27,25),(749,25,28),(750,28,25),(751,26,27),(752,27,26),(753,26,28),(754,28,26),(755,27,28),(756,28,27),(757,29,30),(758,30,29),(759,29,31),(760,31,29),(761,29,32),(762,32,29),(763,29,33),(764,33,29),(765,29,34),(766,34,29),(767,29,35),(768,35,29),(769,29,36),(770,36,29),(771,29,37),(772,37,29),(773,29,38),(774,38,29),(775,29,39),(776,39,29),(777,29,40),(778,40,29),(779,29,41),(780,41,29),(781,29,42),(782,42,29),(783,29,43),(784,43,29),(785,29,44),(786,44,29),(787,29,45),(788,45,29),(789,29,46),(790,46,29),(791,29,47),(792,47,29),(793,29,48),(794,48,29),(795,29,49),(796,49,29),(797,29,50),(798,50,29),(799,30,31),(800,31,30),(801,30,32),(802,32,30),(803,30,33),(804,33,30),(805,30,34),(806,34,30),(807,30,35),(808,35,30),(809,30,36),(810,36,30),(811,30,37),(812,37,30),(813,30,38),(814,38,30),(815,30,39),(816,39,30),(817,30,40),(818,40,30),(819,30,41),(820,41,30),(821,30,42),(822,42,30),(823,30,43),(824,43,30),(825,30,44),(826,44,30),(827,30,45),(828,45,30),(829,30,46),(830,46,30),(831,30,47),(832,47,30),(833,30,48),(834,48,30),(835,30,49),(836,49,30),(837,30,50),(838,50,30),(839,31,32),(840,32,31),(841,31,33),(842,33,31),(843,31,34),(844,34,31),(845,31,35),(846,35,31),(847,31,36),(848,36,31),(849,31,37),(850,37,31),(851,31,38),(852,38,31),(853,31,39),(854,39,31),(855,31,40),(856,40,31),(857,31,41),(858,41,31),(859,31,42),(860,42,31),(861,31,43),(862,43,31),(863,31,44),(864,44,31),(865,31,45),(866,45,31),(867,31,46),(868,46,31),(869,31,47),(870,47,31),(871,31,48),(872,48,31),(873,31,49),(874,49,31),(875,31,50),(876,50,31),(877,32,33),(878,33,32),(879,32,34),(880,34,32),(881,32,35),(882,35,32),(883,32,36),(884,36,32),(885,32,37),(886,37,32),(887,32,38),(888,38,32),(889,32,39),(890,39,32),(891,32,40),(892,40,32),(893,32,41),(894,41,32),(895,32,42),(896,42,32),(897,32,43),(898,43,32),(899,32,44),(900,44,32),(901,32,45),(902,45,32),(903,32,46),(904,46,32),(905,32,47),(906,47,32),(907,32,48),(908,48,32),(909,32,49),(910,49,32),(911,32,50),(912,50,32),(913,33,34),(914,34,33),(915,33,35),(916,35,33),(917,33,36),(918,36,33),(919,33,37),(920,37,33),(921,33,38),(922,38,33),(923,33,39),(924,39,33),(925,33,40),(926,40,33),(927,33,41),(928,41,33),(929,33,42),(930,42,33),(931,33,43),(932,43,33),(933,33,44),(934,44,33),(935,33,45),(936,45,33),(937,33,46),(938,46,33),(939,33,47),(940,47,33),(941,33,48),(942,48,33),(943,33,49),(944,49,33),(945,33,50),(946,50,33),(947,34,35),(948,35,34),(949,34,36),(950,36,34),(951,34,37),(952,37,34),(953,34,38),(954,38,34),(955,34,39),(956,39,34),(957,34,40),(958,40,34),(959,34,41),(960,41,34),(961,34,42),(962,42,34),(963,34,43),(964,43,34),(965,34,44),(966,44,34),(967,34,45),(968,45,34),(969,34,46),(970,46,34),(971,34,47),(972,47,34),(973,34,48),(974,48,34),(975,34,49),(976,49,34),(977,34,50),(978,50,34),(979,35,36),(980,36,35),(981,35,37),(982,37,35),(983,35,38),(984,38,35),(985,35,39),(986,39,35),(987,35,40),(988,40,35),(989,35,41),(990,41,35),(991,35,42),(992,42,35),(993,35,43),(994,43,35),(995,35,44),(996,44,35),(997,35,45),(998,45,35),(999,35,46),(1000,46,35),(1001,35,47),(1002,47,35),(1003,35,48),(1004,48,35),(1005,35,49),(1006,49,35),(1007,35,50),(1008,50,35),(1009,36,37),(1010,37,36),(1011,36,38),(1012,38,36),(1013,36,39),(1014,39,36),(1015,36,40),(1016,40,36),(1017,36,41),(1018,41,36),(1019,36,42),(1020,42,36),(1021,36,43),(1022,43,36),(1023,36,44),(1024,44,36),(1025,36,45),(1026,45,36),(1027,36,46),(1028,46,36),(1029,36,47),(1030,47,36),(1031,36,48),(1032,48,36),(1033,36,49),(1034,49,36),(1035,36,50),(1036,50,36),(1037,37,38),(1038,38,37),(1039,37,39),(1040,39,37),(1041,37,40),(1042,40,37),(1043,37,41),(1044,41,37),(1045,37,42),(1046,42,37),(1047,37,43),(1048,43,37),(1049,37,44),(1050,44,37),(1051,37,45),(1052,45,37),(1053,37,46),(1054,46,37),(1055,37,47),(1056,47,37),(1057,37,48),(1058,48,37),(1059,37,49),(1060,49,37),(1061,37,50),(1062,50,37),(1063,38,39),(1064,39,38),(1065,38,40),(1066,40,38),(1067,38,41),(1068,41,38),(1069,38,42),(1070,42,38),(1071,38,43),(1072,43,38),(1073,38,44),(1074,44,38),(1075,38,45),(1076,45,38),(1077,38,46),(1078,46,38),(1079,38,47),(1080,47,38),(1081,38,48),(1082,48,38),(1083,38,49),(1084,49,38),(1085,38,50),(1086,50,38),(1087,39,40),(1088,40,39),(1089,39,41),(1090,41,39),(1091,39,42),(1092,42,39),(1093,39,43),(1094,43,39),(1095,39,44),(1096,44,39),(1097,39,45),(1098,45,39),(1099,39,46),(1100,46,39),(1101,39,47),(1102,47,39),(1103,39,48),(1104,48,39),(1105,39,49),(1106,49,39),(1107,39,50),(1108,50,39),(1109,40,41),(1110,41,40),(1111,40,42),(1112,42,40),(1113,40,43),(1114,43,40),(1115,40,44),(1116,44,40),(1117,40,45),(1118,45,40),(1119,40,46),(1120,46,40),(1121,40,47),(1122,47,40),(1123,40,48),(1124,48,40),(1125,40,49),(1126,49,40),(1127,40,50),(1128,50,40),(1129,41,42),(1130,42,41),(1131,41,43),(1132,43,41),(1133,41,44),(1134,44,41),(1135,41,45),(1136,45,41),(1137,41,46),(1138,46,41),(1139,41,47),(1140,47,41),(1141,41,48),(1142,48,41),(1143,41,49),(1144,49,41),(1145,41,50),(1146,50,41),(1147,42,43),(1148,43,42),(1149,42,44),(1150,44,42),(1151,42,45),(1152,45,42),(1153,42,46),(1154,46,42),(1155,42,47),(1156,47,42),(1157,42,48),(1158,48,42),(1159,42,49),(1160,49,42),(1161,42,50),(1162,50,42),(1163,43,44),(1164,44,43),(1165,43,45),(1166,45,43),(1167,43,46),(1168,46,43),(1169,43,47),(1170,47,43),(1171,43,48),(1172,48,43),(1173,43,49),(1174,49,43),(1175,43,50),(1176,50,43),(1177,44,45),(1178,45,44),(1179,44,46),(1180,46,44),(1181,44,47),(1182,47,44),(1183,44,48),(1184,48,44),(1185,44,49),(1186,49,44),(1187,44,50),(1188,50,44),(1189,45,46),(1190,46,45),(1191,45,47),(1192,47,45),(1193,45,48),(1194,48,45),(1195,45,49),(1196,49,45),(1197,45,50),(1198,50,45),(1199,46,47),(1200,47,46),(1201,46,48),(1202,48,46),(1203,46,49),(1204,49,46),(1205,46,50),(1206,50,46),(1207,47,48),(1208,48,47),(1209,47,49),(1210,49,47),(1211,47,50),(1212,50,47),(1213,48,49),(1214,49,48),(1215,48,50),(1216,50,48),(1217,49,50),(1218,50,49),(1219,51,52),(1220,52,51),(1221,51,53),(1222,53,51),(1223,51,54),(1224,54,51),(1225,51,55),(1226,55,51),(1227,51,56),(1228,56,51),(1229,51,57),(1230,57,51),(1231,51,58),(1232,58,51),(1233,51,59),(1234,59,51),(1235,51,60),(1236,60,51),(1237,51,61),(1238,61,51),(1239,51,62),(1240,62,51),(1241,51,63),(1242,63,51),(1243,51,64),(1244,64,51),(1245,51,65),(1246,65,51),(1247,51,66),(1248,66,51),(1249,51,67),(1250,67,51),(1251,51,68),(1252,68,51),(1253,51,69),(1254,69,51),(1255,51,70),(1256,70,51),(1257,51,71),(1258,71,51),(1259,51,72),(1260,72,51),(1261,51,73),(1262,73,51),(1263,52,53),(1264,53,52),(1265,52,54),(1266,54,52),(1267,52,55),(1268,55,52),(1269,52,56),(1270,56,52),(1271,52,57),(1272,57,52),(1273,52,58),(1274,58,52),(1275,52,59),(1276,59,52),(1277,52,60),(1278,60,52),(1279,52,61),(1280,61,52),(1281,52,62),(1282,62,52),(1283,52,63),(1284,63,52),(1285,52,64),(1286,64,52),(1287,52,65),(1288,65,52),(1289,52,66),(1290,66,52),(1291,52,67),(1292,67,52),(1293,52,68),(1294,68,52),(1295,52,69),(1296,69,52),(1297,52,70),(1298,70,52),(1299,52,71),(1300,71,52),(1301,52,72),(1302,72,52),(1303,52,73),(1304,73,52),(1305,53,54),(1306,54,53),(1307,53,55),(1308,55,53),(1309,53,56),(1310,56,53),(1311,53,57),(1312,57,53),(1313,53,58),(1314,58,53),(1315,53,59),(1316,59,53),(1317,53,60),(1318,60,53),(1319,53,61),(1320,61,53),(1321,53,62),(1322,62,53),(1323,53,63),(1324,63,53),(1325,53,64),(1326,64,53),(1327,53,65),(1328,65,53),(1329,53,66),(1330,66,53),(1331,53,67),(1332,67,53),(1333,53,68),(1334,68,53),(1335,53,69),(1336,69,53),(1337,53,70),(1338,70,53),(1339,53,71),(1340,71,53),(1341,53,72),(1342,72,53),(1343,53,73),(1344,73,53),(1345,54,55),(1346,55,54),(1347,54,56),(1348,56,54),(1349,54,57),(1350,57,54),(1351,54,58),(1352,58,54),(1353,54,59),(1354,59,54),(1355,54,60),(1356,60,54),(1357,54,61),(1358,61,54),(1359,54,62),(1360,62,54),(1361,54,63),(1362,63,54),(1363,54,64),(1364,64,54),(1365,54,65),(1366,65,54),(1367,54,66),(1368,66,54),(1369,54,67),(1370,67,54),(1371,54,68),(1372,68,54),(1373,54,69),(1374,69,54),(1375,54,70),(1376,70,54),(1377,54,71),(1378,71,54),(1379,54,72),(1380,72,54),(1381,54,73),(1382,73,54),(1383,55,56),(1384,56,55),(1385,55,57),(1386,57,55),(1387,55,58),(1388,58,55),(1389,55,59),(1390,59,55),(1391,55,60),(1392,60,55),(1393,55,61),(1394,61,55),(1395,55,62),(1396,62,55),(1397,55,63),(1398,63,55),(1399,55,64),(1400,64,55),(1401,55,65),(1402,65,55),(1403,55,66),(1404,66,55),(1405,55,67),(1406,67,55),(1407,55,68),(1408,68,55),(1409,55,69),(1410,69,55),(1411,55,70),(1412,70,55),(1413,55,71),(1414,71,55),(1415,55,72),(1416,72,55),(1417,55,73),(1418,73,55),(1419,56,57),(1420,57,56),(1421,56,58),(1422,58,56),(1423,56,59),(1424,59,56),(1425,56,60),(1426,60,56),(1427,56,61),(1428,61,56),(1429,56,62),(1430,62,56),(1431,56,63),(1432,63,56),(1433,56,64),(1434,64,56),(1435,56,65),(1436,65,56),(1437,56,66),(1438,66,56),(1439,56,67),(1440,67,56),(1441,56,68),(1442,68,56),(1443,56,69),(1444,69,56),(1445,56,70),(1446,70,56),(1447,56,71),(1448,71,56),(1449,56,72),(1450,72,56),(1451,56,73),(1452,73,56),(1453,57,58),(1454,58,57),(1455,57,59),(1456,59,57),(1457,57,60),(1458,60,57),(1459,57,61),(1460,61,57),(1461,57,62),(1462,62,57),(1463,57,63),(1464,63,57),(1465,57,64),(1466,64,57),(1467,57,65),(1468,65,57),(1469,57,66),(1470,66,57),(1471,57,67),(1472,67,57),(1473,57,68),(1474,68,57),(1475,57,69),(1476,69,57),(1477,57,70),(1478,70,57),(1479,57,71),(1480,71,57),(1481,57,72),(1482,72,57),(1483,57,73),(1484,73,57),(1485,58,59),(1486,59,58),(1487,58,60),(1488,60,58),(1489,58,61),(1490,61,58),(1491,58,62),(1492,62,58),(1493,58,63),(1494,63,58),(1495,58,64),(1496,64,58),(1497,58,65),(1498,65,58),(1499,58,66),(1500,66,58),(1501,58,67),(1502,67,58),(1503,58,68),(1504,68,58),(1505,58,69),(1506,69,58),(1507,58,70),(1508,70,58),(1509,58,71),(1510,71,58),(1511,58,72),(1512,72,58),(1513,58,73),(1514,73,58),(1515,59,60),(1516,60,59),(1517,59,61),(1518,61,59),(1519,59,62),(1520,62,59),(1521,59,63),(1522,63,59),(1523,59,64),(1524,64,59),(1525,59,65),(1526,65,59),(1527,59,66),(1528,66,59),(1529,59,67),(1530,67,59),(1531,59,68),(1532,68,59),(1533,59,69),(1534,69,59),(1535,59,70),(1536,70,59),(1537,59,71),(1538,71,59),(1539,59,72),(1540,72,59),(1541,59,73),(1542,73,59),(1543,60,61),(1544,61,60),(1545,60,62),(1546,62,60),(1547,60,63),(1548,63,60),(1549,60,64),(1550,64,60),(1551,60,65),(1552,65,60),(1553,60,66),(1554,66,60),(1555,60,67),(1556,67,60),(1557,60,68),(1558,68,60),(1559,60,69),(1560,69,60),(1561,60,70),(1562,70,60),(1563,60,71),(1564,71,60),(1565,60,72),(1566,72,60),(1567,60,73),(1568,73,60),(1569,61,62),(1570,62,61),(1571,61,63),(1572,63,61),(1573,61,64),(1574,64,61),(1575,61,65),(1576,65,61),(1577,61,66),(1578,66,61),(1579,61,67),(1580,67,61),(1581,61,68),(1582,68,61),(1583,61,69),(1584,69,61),(1585,61,70),(1586,70,61),(1587,61,71),(1588,71,61),(1589,61,72),(1590,72,61),(1591,61,73),(1592,73,61),(1593,62,63),(1594,63,62),(1595,62,64),(1596,64,62),(1597,62,65),(1598,65,62),(1599,62,66),(1600,66,62),(1601,62,67),(1602,67,62),(1603,62,68),(1604,68,62),(1605,62,69),(1606,69,62),(1607,62,70),(1608,70,62),(1609,62,71),(1610,71,62),(1611,62,72),(1612,72,62),(1613,62,73),(1614,73,62),(1615,63,64),(1616,64,63),(1617,63,65),(1618,65,63),(1619,63,66),(1620,66,63),(1621,63,67),(1622,67,63),(1623,63,68),(1624,68,63),(1625,63,69),(1626,69,63),(1627,63,70),(1628,70,63),(1629,63,71),(1630,71,63),(1631,63,72),(1632,72,63),(1633,63,73),(1634,73,63),(1635,64,65),(1636,65,64),(1637,64,66),(1638,66,64),(1639,64,67),(1640,67,64),(1641,64,68),(1642,68,64),(1643,64,69),(1644,69,64),(1645,64,70),(1646,70,64),(1647,64,71),(1648,71,64),(1649,64,72),(1650,72,64),(1651,64,73),(1652,73,64),(1653,65,66),(1654,66,65),(1655,65,67),(1656,67,65),(1657,65,68),(1658,68,65),(1659,65,69),(1660,69,65),(1661,65,70),(1662,70,65),(1663,65,71),(1664,71,65),(1665,65,72),(1666,72,65),(1667,65,73),(1668,73,65),(1669,66,67),(1670,67,66),(1671,66,68),(1672,68,66),(1673,66,69),(1674,69,66),(1675,66,70),(1676,70,66),(1677,66,71),(1678,71,66),(1679,66,72),(1680,72,66),(1681,66,73),(1682,73,66),(1683,67,68),(1684,68,67),(1685,67,69),(1686,69,67),(1687,67,70),(1688,70,67),(1689,67,71),(1690,71,67),(1691,67,72),(1692,72,67),(1693,67,73),(1694,73,67),(1695,68,69),(1696,69,68),(1697,68,70),(1698,70,68),(1699,68,71),(1700,71,68),(1701,68,72),(1702,72,68),(1703,68,73),(1704,73,68),(1705,69,70),(1706,70,69),(1707,69,71),(1708,71,69),(1709,69,72),(1710,72,69),(1711,69,73),(1712,73,69),(1713,70,71),(1714,71,70),(1715,70,72),(1716,72,70),(1717,70,73),(1718,73,70),(1719,71,72),(1720,72,71),(1721,71,73),(1722,73,71),(1723,72,73),(1724,73,72),(1725,74,75),(1726,75,74),(1727,74,76),(1728,76,74),(1729,74,77),(1730,77,74),(1731,74,78),(1732,78,74),(1733,74,79),(1734,79,74),(1735,74,80),(1736,80,74),(1737,74,81),(1738,81,74),(1739,74,82),(1740,82,74),(1741,74,83),(1742,83,74),(1743,74,84),(1744,84,74),(1745,74,85),(1746,85,74),(1747,74,86),(1748,86,74),(1749,74,87),(1750,87,74),(1751,74,88),(1752,88,74),(1753,74,89),(1754,89,74),(1755,74,90),(1756,90,74),(1757,74,91),(1758,91,74),(1759,75,76),(1760,76,75),(1761,75,77),(1762,77,75),(1763,75,78),(1764,78,75),(1765,75,79),(1766,79,75),(1767,75,80),(1768,80,75),(1769,75,81),(1770,81,75),(1771,75,82),(1772,82,75),(1773,75,83),(1774,83,75),(1775,75,84),(1776,84,75),(1777,75,85),(1778,85,75),(1779,75,86),(1780,86,75),(1781,75,87),(1782,87,75),(1783,75,88),(1784,88,75),(1785,75,89),(1786,89,75),(1787,75,90),(1788,90,75),(1789,75,91),(1790,91,75),(1791,76,77),(1792,77,76),(1793,76,78),(1794,78,76),(1795,76,79),(1796,79,76),(1797,76,80),(1798,80,76),(1799,76,81),(1800,81,76),(1801,76,82),(1802,82,76),(1803,76,83),(1804,83,76),(1805,76,84),(1806,84,76),(1807,76,85),(1808,85,76),(1809,76,86),(1810,86,76),(1811,76,87),(1812,87,76),(1813,76,88),(1814,88,76),(1815,76,89),(1816,89,76),(1817,76,90),(1818,90,76),(1819,76,91),(1820,91,76),(1821,77,78),(1822,78,77),(1823,77,79),(1824,79,77),(1825,77,80),(1826,80,77),(1827,77,81),(1828,81,77),(1829,77,82),(1830,82,77),(1831,77,83),(1832,83,77),(1833,77,84),(1834,84,77),(1835,77,85),(1836,85,77),(1837,77,86),(1838,86,77),(1839,77,87),(1840,87,77),(1841,77,88),(1842,88,77),(1843,77,89),(1844,89,77),(1845,77,90),(1846,90,77),(1847,77,91),(1848,91,77),(1849,78,79),(1850,79,78),(1851,78,80),(1852,80,78),(1853,78,81),(1854,81,78),(1855,78,82),(1856,82,78),(1857,78,83),(1858,83,78),(1859,78,84),(1860,84,78),(1861,78,85),(1862,85,78),(1863,78,86),(1864,86,78),(1865,78,87),(1866,87,78),(1867,78,88),(1868,88,78),(1869,78,89),(1870,89,78),(1871,78,90),(1872,90,78),(1873,78,91),(1874,91,78),(1875,79,80),(1876,80,79),(1877,79,81),(1878,81,79),(1879,79,82),(1880,82,79),(1881,79,83),(1882,83,79),(1883,79,84),(1884,84,79),(1885,79,85),(1886,85,79),(1887,79,86),(1888,86,79),(1889,79,87),(1890,87,79),(1891,79,88),(1892,88,79),(1893,79,89),(1894,89,79),(1895,79,90),(1896,90,79),(1897,79,91),(1898,91,79),(1899,80,81),(1900,81,80),(1901,80,82),(1902,82,80),(1903,80,83),(1904,83,80),(1905,80,84),(1906,84,80),(1907,80,85),(1908,85,80),(1909,80,86),(1910,86,80),(1911,80,87),(1912,87,80),(1913,80,88),(1914,88,80),(1915,80,89),(1916,89,80),(1917,80,90),(1918,90,80),(1919,80,91),(1920,91,80),(1921,81,82),(1922,82,81),(1923,81,83),(1924,83,81),(1925,81,84),(1926,84,81),(1927,81,85),(1928,85,81),(1929,81,86),(1930,86,81),(1931,81,87),(1932,87,81),(1933,81,88),(1934,88,81),(1935,81,89),(1936,89,81),(1937,81,90),(1938,90,81),(1939,81,91),(1940,91,81),(1941,82,83),(1942,83,82),(1943,82,84),(1944,84,82),(1945,82,85),(1946,85,82),(1947,82,86),(1948,86,82),(1949,82,87),(1950,87,82),(1951,82,88),(1952,88,82),(1953,82,89),(1954,89,82),(1955,82,90),(1956,90,82),(1957,82,91),(1958,91,82),(1959,83,84),(1960,84,83),(1961,83,85),(1962,85,83),(1963,83,86),(1964,86,83),(1965,83,87),(1966,87,83),(1967,83,88),(1968,88,83),(1969,83,89),(1970,89,83),(1971,83,90),(1972,90,83),(1973,83,91),(1974,91,83),(1975,84,85),(1976,85,84),(1977,84,86),(1978,86,84),(1979,84,87),(1980,87,84),(1981,84,88),(1982,88,84),(1983,84,89),(1984,89,84),(1985,84,90),(1986,90,84),(1987,84,91),(1988,91,84),(1989,85,86),(1990,86,85),(1991,85,87),(1992,87,85),(1993,85,88),(1994,88,85),(1995,85,89),(1996,89,85),(1997,85,90),(1998,90,85),(1999,85,91),(2000,91,85),(2001,86,87),(2002,87,86),(2003,86,88),(2004,88,86),(2005,86,89),(2006,89,86),(2007,86,90),(2008,90,86),(2009,86,91),(2010,91,86),(2011,87,88),(2012,88,87),(2013,87,89),(2014,89,87),(2015,87,90),(2016,90,87),(2017,87,91),(2018,91,87),(2019,88,89),(2020,89,88),(2021,88,90),(2022,90,88),(2023,88,91),(2024,91,88),(2025,89,90),(2026,90,89),(2027,89,91),(2028,91,89),(2029,90,91),(2030,91,90),(2031,92,93),(2032,93,92),(2033,92,94),(2034,94,92),(2035,92,95),(2036,95,92),(2037,92,96),(2038,96,92),(2039,92,97),(2040,97,92),(2041,92,98),(2042,98,92),(2043,92,99),(2044,99,92),(2045,92,100),(2046,100,92),(2047,92,101),(2048,101,92),(2049,92,102),(2050,102,92),(2051,92,103),(2052,103,92),(2053,92,104),(2054,104,92),(2055,92,105),(2056,105,92),(2057,92,106),(2058,106,92),(2059,92,107),(2060,107,92),(2061,92,108),(2062,108,92),(2063,92,109),(2064,109,92),(2065,92,110),(2066,110,92),(2067,92,111),(2068,111,92),(2069,93,94),(2070,94,93),(2071,93,95),(2072,95,93),(2073,93,96),(2074,96,93),(2075,93,97),(2076,97,93),(2077,93,98),(2078,98,93),(2079,93,99),(2080,99,93),(2081,93,100),(2082,100,93),(2083,93,101),(2084,101,93),(2085,93,102),(2086,102,93),(2087,93,103),(2088,103,93),(2089,93,104),(2090,104,93),(2091,93,105),(2092,105,93),(2093,93,106),(2094,106,93),(2095,93,107),(2096,107,93),(2097,93,108),(2098,108,93),(2099,93,109),(2100,109,93),(2101,93,110),(2102,110,93),(2103,93,111),(2104,111,93),(2105,94,95),(2106,95,94),(2107,94,96),(2108,96,94),(2109,94,97),(2110,97,94),(2111,94,98),(2112,98,94),(2113,94,99),(2114,99,94),(2115,94,100),(2116,100,94),(2117,94,101),(2118,101,94),(2119,94,102),(2120,102,94),(2121,94,103),(2122,103,94),(2123,94,104),(2124,104,94),(2125,94,105),(2126,105,94),(2127,94,106),(2128,106,94),(2129,94,107),(2130,107,94),(2131,94,108),(2132,108,94),(2133,94,109),(2134,109,94),(2135,94,110),(2136,110,94),(2137,94,111),(2138,111,94),(2139,95,96),(2140,96,95),(2141,95,97),(2142,97,95),(2143,95,98),(2144,98,95),(2145,95,99),(2146,99,95),(2147,95,100),(2148,100,95),(2149,95,101),(2150,101,95),(2151,95,102),(2152,102,95),(2153,95,103),(2154,103,95),(2155,95,104),(2156,104,95),(2157,95,105),(2158,105,95),(2159,95,106),(2160,106,95),(2161,95,107),(2162,107,95),(2163,95,108),(2164,108,95),(2165,95,109),(2166,109,95),(2167,95,110),(2168,110,95),(2169,95,111),(2170,111,95),(2171,96,97),(2172,97,96),(2173,96,98),(2174,98,96),(2175,96,99),(2176,99,96),(2177,96,100),(2178,100,96),(2179,96,101),(2180,101,96),(2181,96,102),(2182,102,96),(2183,96,103),(2184,103,96),(2185,96,104),(2186,104,96),(2187,96,105),(2188,105,96),(2189,96,106),(2190,106,96),(2191,96,107),(2192,107,96),(2193,96,108),(2194,108,96),(2195,96,109),(2196,109,96),(2197,96,110),(2198,110,96),(2199,96,111),(2200,111,96),(2201,97,98),(2202,98,97),(2203,97,99),(2204,99,97),(2205,97,100),(2206,100,97),(2207,97,101),(2208,101,97),(2209,97,102),(2210,102,97),(2211,97,103),(2212,103,97),(2213,97,104),(2214,104,97),(2215,97,105),(2216,105,97),(2217,97,106),(2218,106,97),(2219,97,107),(2220,107,97),(2221,97,108),(2222,108,97),(2223,97,109),(2224,109,97),(2225,97,110),(2226,110,97),(2227,97,111),(2228,111,97),(2229,98,99),(2230,99,98),(2231,98,100),(2232,100,98),(2233,98,101),(2234,101,98),(2235,98,102),(2236,102,98),(2237,98,103),(2238,103,98),(2239,98,104),(2240,104,98),(2241,98,105),(2242,105,98),(2243,98,106),(2244,106,98),(2245,98,107),(2246,107,98),(2247,98,108),(2248,108,98),(2249,98,109),(2250,109,98),(2251,98,110),(2252,110,98),(2253,98,111),(2254,111,98),(2255,99,100),(2256,100,99),(2257,99,101),(2258,101,99),(2259,99,102),(2260,102,99),(2261,99,103),(2262,103,99),(2263,99,104),(2264,104,99),(2265,99,105),(2266,105,99),(2267,99,106),(2268,106,99),(2269,99,107),(2270,107,99),(2271,99,108),(2272,108,99),(2273,99,109),(2274,109,99),(2275,99,110),(2276,110,99),(2277,99,111),(2278,111,99),(2279,100,101),(2280,101,100),(2281,100,102),(2282,102,100),(2283,100,103),(2284,103,100),(2285,100,104),(2286,104,100),(2287,100,105),(2288,105,100),(2289,100,106),(2290,106,100),(2291,100,107),(2292,107,100),(2293,100,108),(2294,108,100),(2295,100,109),(2296,109,100),(2297,100,110),(2298,110,100),(2299,100,111),(2300,111,100),(2301,101,102),(2302,102,101),(2303,101,103),(2304,103,101),(2305,101,104),(2306,104,101),(2307,101,105),(2308,105,101),(2309,101,106),(2310,106,101),(2311,101,107),(2312,107,101),(2313,101,108),(2314,108,101),(2315,101,109),(2316,109,101),(2317,101,110),(2318,110,101),(2319,101,111),(2320,111,101),(2321,102,103),(2322,103,102),(2323,102,104),(2324,104,102),(2325,102,105),(2326,105,102),(2327,102,106),(2328,106,102),(2329,102,107),(2330,107,102),(2331,102,108),(2332,108,102),(2333,102,109),(2334,109,102),(2335,102,110),(2336,110,102),(2337,102,111),(2338,111,102),(2339,103,104),(2340,104,103),(2341,103,105),(2342,105,103),(2343,103,106),(2344,106,103),(2345,103,107),(2346,107,103),(2347,103,108),(2348,108,103),(2349,103,109),(2350,109,103),(2351,103,110),(2352,110,103),(2353,103,111),(2354,111,103),(2355,104,105),(2356,105,104),(2357,104,106),(2358,106,104),(2359,104,107),(2360,107,104),(2361,104,108),(2362,108,104),(2363,104,109),(2364,109,104),(2365,104,110),(2366,110,104),(2367,104,111),(2368,111,104),(2369,105,106),(2370,106,105),(2371,105,107),(2372,107,105),(2373,105,108),(2374,108,105),(2375,105,109),(2376,109,105),(2377,105,110),(2378,110,105),(2379,105,111),(2380,111,105),(2381,106,107),(2382,107,106),(2383,106,108),(2384,108,106),(2385,106,109),(2386,109,106),(2387,106,110),(2388,110,106),(2389,106,111),(2390,111,106),(2391,107,108),(2392,108,107),(2393,107,109),(2394,109,107),(2395,107,110),(2396,110,107),(2397,107,111),(2398,111,107),(2399,108,109),(2400,109,108),(2401,108,110),(2402,110,108),(2403,108,111),(2404,111,108),(2405,109,110),(2406,110,109),(2407,109,111),(2408,111,109),(2409,110,111),(2410,111,110),(2411,112,113),(2412,113,112),(2413,112,114),(2414,114,112),(2415,112,115),(2416,115,112),(2417,112,116),(2418,116,112),(2419,112,117),(2420,117,112),(2421,112,118),(2422,118,112),(2423,112,119),(2424,119,112),(2425,112,120),(2426,120,112),(2427,112,121),(2428,121,112),(2429,112,122),(2430,122,112),(2431,112,123),(2432,123,112),(2433,112,124),(2434,124,112),(2435,112,125),(2436,125,112),(2437,112,126),(2438,126,112),(2439,112,127),(2440,127,112),(2441,112,128),(2442,128,112),(2443,112,129),(2444,129,112),(2445,112,130),(2446,130,112),(2447,112,131),(2448,131,112),(2449,113,114),(2450,114,113),(2451,113,115),(2452,115,113),(2453,113,116),(2454,116,113),(2455,113,117),(2456,117,113),(2457,113,118),(2458,118,113),(2459,113,119),(2460,119,113),(2461,113,120),(2462,120,113),(2463,113,121),(2464,121,113),(2465,113,122),(2466,122,113),(2467,113,123),(2468,123,113),(2469,113,124),(2470,124,113),(2471,113,125),(2472,125,113),(2473,113,126),(2474,126,113),(2475,113,127),(2476,127,113),(2477,113,128),(2478,128,113),(2479,113,129),(2480,129,113),(2481,113,130),(2482,130,113),(2483,113,131),(2484,131,113),(2485,114,115),(2486,115,114),(2487,114,116),(2488,116,114),(2489,114,117),(2490,117,114),(2491,114,118),(2492,118,114),(2493,114,119),(2494,119,114),(2495,114,120),(2496,120,114),(2497,114,121),(2498,121,114),(2499,114,122),(2500,122,114),(2501,114,123),(2502,123,114),(2503,114,124),(2504,124,114),(2505,114,125),(2506,125,114),(2507,114,126),(2508,126,114),(2509,114,127),(2510,127,114),(2511,114,128),(2512,128,114),(2513,114,129),(2514,129,114),(2515,114,130),(2516,130,114),(2517,114,131),(2518,131,114),(2519,115,116),(2520,116,115),(2521,115,117),(2522,117,115),(2523,115,118),(2524,118,115),(2525,115,119),(2526,119,115),(2527,115,120),(2528,120,115),(2529,115,121),(2530,121,115),(2531,115,122),(2532,122,115),(2533,115,123),(2534,123,115),(2535,115,124),(2536,124,115),(2537,115,125),(2538,125,115),(2539,115,126),(2540,126,115),(2541,115,127),(2542,127,115),(2543,115,128),(2544,128,115),(2545,115,129),(2546,129,115),(2547,115,130),(2548,130,115),(2549,115,131),(2550,131,115),(2551,116,117),(2552,117,116),(2553,116,118),(2554,118,116),(2555,116,119),(2556,119,116),(2557,116,120),(2558,120,116),(2559,116,121),(2560,121,116),(2561,116,122),(2562,122,116),(2563,116,123),(2564,123,116),(2565,116,124),(2566,124,116),(2567,116,125),(2568,125,116),(2569,116,126),(2570,126,116),(2571,116,127),(2572,127,116),(2573,116,128),(2574,128,116),(2575,116,129),(2576,129,116),(2577,116,130),(2578,130,116),(2579,116,131),(2580,131,116),(2581,117,118),(2582,118,117),(2583,117,119),(2584,119,117),(2585,117,120),(2586,120,117),(2587,117,121),(2588,121,117),(2589,117,122),(2590,122,117),(2591,117,123),(2592,123,117),(2593,117,124),(2594,124,117),(2595,117,125),(2596,125,117),(2597,117,126),(2598,126,117),(2599,117,127),(2600,127,117),(2601,117,128),(2602,128,117),(2603,117,129),(2604,129,117),(2605,117,130),(2606,130,117),(2607,117,131),(2608,131,117),(2609,118,119),(2610,119,118),(2611,118,120),(2612,120,118),(2613,118,121),(2614,121,118),(2615,118,122),(2616,122,118),(2617,118,123),(2618,123,118),(2619,118,124),(2620,124,118),(2621,118,125),(2622,125,118),(2623,118,126),(2624,126,118),(2625,118,127),(2626,127,118),(2627,118,128),(2628,128,118),(2629,118,129),(2630,129,118),(2631,118,130),(2632,130,118),(2633,118,131),(2634,131,118),(2635,119,120),(2636,120,119),(2637,119,121),(2638,121,119),(2639,119,122),(2640,122,119),(2641,119,123),(2642,123,119),(2643,119,124),(2644,124,119),(2645,119,125),(2646,125,119),(2647,119,126),(2648,126,119),(2649,119,127),(2650,127,119),(2651,119,128),(2652,128,119),(2653,119,129),(2654,129,119),(2655,119,130),(2656,130,119),(2657,119,131),(2658,131,119),(2659,120,121),(2660,121,120),(2661,120,122),(2662,122,120),(2663,120,123),(2664,123,120),(2665,120,124),(2666,124,120),(2667,120,125),(2668,125,120),(2669,120,126),(2670,126,120),(2671,120,127),(2672,127,120),(2673,120,128),(2674,128,120),(2675,120,129),(2676,129,120),(2677,120,130),(2678,130,120),(2679,120,131),(2680,131,120),(2681,121,122),(2682,122,121),(2683,121,123),(2684,123,121),(2685,121,124),(2686,124,121),(2687,121,125),(2688,125,121),(2689,121,126),(2690,126,121),(2691,121,127),(2692,127,121),(2693,121,128),(2694,128,121),(2695,121,129),(2696,129,121),(2697,121,130),(2698,130,121),(2699,121,131),(2700,131,121),(2701,122,123),(2702,123,122),(2703,122,124),(2704,124,122),(2705,122,125),(2706,125,122),(2707,122,126),(2708,126,122),(2709,122,127),(2710,127,122),(2711,122,128),(2712,128,122),(2713,122,129),(2714,129,122),(2715,122,130),(2716,130,122),(2717,122,131),(2718,131,122),(2719,123,124),(2720,124,123),(2721,123,125),(2722,125,123),(2723,123,126),(2724,126,123),(2725,123,127),(2726,127,123),(2727,123,128),(2728,128,123),(2729,123,129),(2730,129,123),(2731,123,130),(2732,130,123),(2733,123,131),(2734,131,123),(2735,124,125),(2736,125,124),(2737,124,126),(2738,126,124),(2739,124,127),(2740,127,124),(2741,124,128),(2742,128,124),(2743,124,129),(2744,129,124),(2745,124,130),(2746,130,124),(2747,124,131),(2748,131,124),(2749,125,126),(2750,126,125),(2751,125,127),(2752,127,125),(2753,125,128),(2754,128,125),(2755,125,129),(2756,129,125),(2757,125,130),(2758,130,125),(2759,125,131),(2760,131,125),(2761,126,127),(2762,127,126),(2763,126,128),(2764,128,126),(2765,126,129),(2766,129,126),(2767,126,130),(2768,130,126),(2769,126,131),(2770,131,126),(2771,127,128),(2772,128,127),(2773,127,129),(2774,129,127),(2775,127,130),(2776,130,127),(2777,127,131),(2778,131,127),(2779,128,129),(2780,129,128),(2781,128,130),(2782,130,128),(2783,128,131),(2784,131,128),(2785,129,130),(2786,130,129),(2787,129,131),(2788,131,129),(2789,130,131),(2790,131,130),(2791,132,133),(2792,133,132),(2793,132,134),(2794,134,132),(2795,132,135),(2796,135,132),(2797,132,136),(2798,136,132),(2799,132,137),(2800,137,132),(2801,132,138),(2802,138,132),(2803,132,139),(2804,139,132),(2805,132,140),(2806,140,132),(2807,132,141),(2808,141,132),(2809,132,142),(2810,142,132),(2811,132,143),(2812,143,132),(2813,132,144),(2814,144,132),(2815,132,145),(2816,145,132),(2817,132,146),(2818,146,132),(2819,132,147),(2820,147,132),(2821,132,148),(2822,148,132),(2823,132,149),(2824,149,132),(2825,133,134),(2826,134,133),(2827,133,135),(2828,135,133),(2829,133,136),(2830,136,133),(2831,133,137),(2832,137,133),(2833,133,138),(2834,138,133),(2835,133,139),(2836,139,133),(2837,133,140),(2838,140,133),(2839,133,141),(2840,141,133),(2841,133,142),(2842,142,133),(2843,133,143),(2844,143,133),(2845,133,144),(2846,144,133),(2847,133,145),(2848,145,133),(2849,133,146),(2850,146,133),(2851,133,147),(2852,147,133),(2853,133,148),(2854,148,133),(2855,133,149),(2856,149,133),(2857,134,135),(2858,135,134),(2859,134,136),(2860,136,134),(2861,134,137),(2862,137,134),(2863,134,138),(2864,138,134),(2865,134,139),(2866,139,134),(2867,134,140),(2868,140,134),(2869,134,141),(2870,141,134),(2871,134,142),(2872,142,134),(2873,134,143),(2874,143,134),(2875,134,144),(2876,144,134),(2877,134,145),(2878,145,134),(2879,134,146),(2880,146,134),(2881,134,147),(2882,147,134),(2883,134,148),(2884,148,134),(2885,134,149),(2886,149,134),(2887,135,136),(2888,136,135),(2889,135,137),(2890,137,135),(2891,135,138),(2892,138,135),(2893,135,139),(2894,139,135),(2895,135,140),(2896,140,135),(2897,135,141),(2898,141,135),(2899,135,142),(2900,142,135),(2901,135,143),(2902,143,135),(2903,135,144),(2904,144,135),(2905,135,145),(2906,145,135),(2907,135,146),(2908,146,135),(2909,135,147),(2910,147,135),(2911,135,148),(2912,148,135),(2913,135,149),(2914,149,135),(2915,136,137),(2916,137,136),(2917,136,138),(2918,138,136),(2919,136,139),(2920,139,136),(2921,136,140),(2922,140,136),(2923,136,141),(2924,141,136),(2925,136,142),(2926,142,136),(2927,136,143),(2928,143,136),(2929,136,144),(2930,144,136),(2931,136,145),(2932,145,136),(2933,136,146),(2934,146,136),(2935,136,147),(2936,147,136),(2937,136,148),(2938,148,136),(2939,136,149),(2940,149,136),(2941,137,138),(2942,138,137),(2943,137,139),(2944,139,137),(2945,137,140),(2946,140,137),(2947,137,141),(2948,141,137),(2949,137,142),(2950,142,137),(2951,137,143),(2952,143,137),(2953,137,144),(2954,144,137),(2955,137,145),(2956,145,137),(2957,137,146),(2958,146,137),(2959,137,147),(2960,147,137),(2961,137,148),(2962,148,137),(2963,137,149),(2964,149,137),(2965,138,139),(2966,139,138),(2967,138,140),(2968,140,138),(2969,138,141),(2970,141,138),(2971,138,142),(2972,142,138),(2973,138,143),(2974,143,138),(2975,138,144),(2976,144,138),(2977,138,145),(2978,145,138),(2979,138,146),(2980,146,138),(2981,138,147),(2982,147,138),(2983,138,148),(2984,148,138),(2985,138,149),(2986,149,138),(2987,139,140),(2988,140,139),(2989,139,141),(2990,141,139),(2991,139,142),(2992,142,139),(2993,139,143),(2994,143,139),(2995,139,144),(2996,144,139),(2997,139,145),(2998,145,139),(2999,139,146),(3000,146,139),(3001,139,147),(3002,147,139),(3003,139,148),(3004,148,139),(3005,139,149),(3006,149,139),(3007,140,141),(3008,141,140),(3009,140,142),(3010,142,140),(3011,140,143),(3012,143,140),(3013,140,144),(3014,144,140),(3015,140,145),(3016,145,140),(3017,140,146),(3018,146,140),(3019,140,147),(3020,147,140),(3021,140,148),(3022,148,140),(3023,140,149),(3024,149,140),(3025,141,142),(3026,142,141),(3027,141,143),(3028,143,141),(3029,141,144),(3030,144,141),(3031,141,145),(3032,145,141),(3033,141,146),(3034,146,141),(3035,141,147),(3036,147,141),(3037,141,148),(3038,148,141),(3039,141,149),(3040,149,141),(3041,142,143),(3042,143,142),(3043,142,144),(3044,144,142),(3045,142,145),(3046,145,142),(3047,142,146),(3048,146,142),(3049,142,147),(3050,147,142),(3051,142,148),(3052,148,142),(3053,142,149),(3054,149,142),(3055,143,144),(3056,144,143),(3057,143,145),(3058,145,143),(3059,143,146),(3060,146,143),(3061,143,147),(3062,147,143),(3063,143,148),(3064,148,143),(3065,143,149),(3066,149,143),(3067,144,145),(3068,145,144),(3069,144,146),(3070,146,144),(3071,144,147),(3072,147,144),(3073,144,148),(3074,148,144),(3075,144,149),(3076,149,144),(3077,145,146),(3078,146,145),(3079,145,147),(3080,147,145),(3081,145,148),(3082,148,145),(3083,145,149),(3084,149,145),(3085,146,147),(3086,147,146),(3087,146,148),(3088,148,146),(3089,146,149),(3090,149,146),(3091,147,148),(3092,148,147),(3093,147,149),(3094,149,147),(3095,148,149),(3096,149,148),(3097,150,151),(3098,151,150),(3099,150,152),(3100,152,150),(3101,150,153),(3102,153,150),(3103,150,154),(3104,154,150),(3105,150,155),(3106,155,150),(3107,150,156),(3108,156,150),(3109,150,157),(3110,157,150),(3111,150,158),(3112,158,150),(3113,150,159),(3114,159,150),(3115,150,160),(3116,160,150),(3117,150,161),(3118,161,150),(3119,150,162),(3120,162,150),(3121,150,163),(3122,163,150),(3123,150,164),(3124,164,150),(3125,150,165),(3126,165,150),(3127,150,166),(3128,166,150),(3129,150,167),(3130,167,150),(3131,150,168),(3132,168,150),(3133,150,169),(3134,169,150),(3135,150,170),(3136,170,150),(3137,150,171),(3138,171,150),(3139,150,172),(3140,172,150),(3141,150,173),(3142,173,150),(3143,151,152),(3144,152,151),(3145,151,153),(3146,153,151),(3147,151,154),(3148,154,151),(3149,151,155),(3150,155,151),(3151,151,156),(3152,156,151),(3153,151,157),(3154,157,151),(3155,151,158),(3156,158,151),(3157,151,159),(3158,159,151),(3159,151,160),(3160,160,151),(3161,151,161),(3162,161,151),(3163,151,162),(3164,162,151),(3165,151,163),(3166,163,151),(3167,151,164),(3168,164,151),(3169,151,165),(3170,165,151),(3171,151,166),(3172,166,151),(3173,151,167),(3174,167,151),(3175,151,168),(3176,168,151),(3177,151,169),(3178,169,151),(3179,151,170),(3180,170,151),(3181,151,171),(3182,171,151),(3183,151,172),(3184,172,151),(3185,151,173),(3186,173,151),(3187,152,153),(3188,153,152),(3189,152,154),(3190,154,152),(3191,152,155),(3192,155,152),(3193,152,156),(3194,156,152),(3195,152,157),(3196,157,152),(3197,152,158),(3198,158,152),(3199,152,159),(3200,159,152),(3201,152,160),(3202,160,152),(3203,152,161),(3204,161,152),(3205,152,162),(3206,162,152),(3207,152,163),(3208,163,152),(3209,152,164),(3210,164,152),(3211,152,165),(3212,165,152),(3213,152,166),(3214,166,152),(3215,152,167),(3216,167,152),(3217,152,168),(3218,168,152),(3219,152,169),(3220,169,152),(3221,152,170),(3222,170,152),(3223,152,171),(3224,171,152),(3225,152,172),(3226,172,152),(3227,152,173),(3228,173,152),(3229,153,154),(3230,154,153),(3231,153,155),(3232,155,153),(3233,153,156),(3234,156,153),(3235,153,157),(3236,157,153),(3237,153,158),(3238,158,153),(3239,153,159),(3240,159,153),(3241,153,160),(3242,160,153),(3243,153,161),(3244,161,153),(3245,153,162),(3246,162,153),(3247,153,163),(3248,163,153),(3249,153,164),(3250,164,153),(3251,153,165),(3252,165,153),(3253,153,166),(3254,166,153),(3255,153,167),(3256,167,153),(3257,153,168),(3258,168,153),(3259,153,169),(3260,169,153),(3261,153,170),(3262,170,153),(3263,153,171),(3264,171,153),(3265,153,172),(3266,172,153),(3267,153,173),(3268,173,153),(3269,154,155),(3270,155,154),(3271,154,156),(3272,156,154),(3273,154,157),(3274,157,154),(3275,154,158),(3276,158,154),(3277,154,159),(3278,159,154),(3279,154,160),(3280,160,154),(3281,154,161),(3282,161,154),(3283,154,162),(3284,162,154),(3285,154,163),(3286,163,154),(3287,154,164),(3288,164,154),(3289,154,165),(3290,165,154),(3291,154,166),(3292,166,154),(3293,154,167),(3294,167,154),(3295,154,168),(3296,168,154),(3297,154,169),(3298,169,154),(3299,154,170),(3300,170,154),(3301,154,171),(3302,171,154),(3303,154,172),(3304,172,154),(3305,154,173),(3306,173,154),(3307,155,156),(3308,156,155),(3309,155,157),(3310,157,155),(3311,155,158),(3312,158,155),(3313,155,159),(3314,159,155),(3315,155,160),(3316,160,155),(3317,155,161),(3318,161,155),(3319,155,162),(3320,162,155),(3321,155,163),(3322,163,155),(3323,155,164),(3324,164,155),(3325,155,165),(3326,165,155),(3327,155,166),(3328,166,155),(3329,155,167),(3330,167,155),(3331,155,168),(3332,168,155),(3333,155,169),(3334,169,155),(3335,155,170),(3336,170,155),(3337,155,171),(3338,171,155),(3339,155,172),(3340,172,155),(3341,155,173),(3342,173,155),(3343,156,157),(3344,157,156),(3345,156,158),(3346,158,156),(3347,156,159),(3348,159,156),(3349,156,160),(3350,160,156),(3351,156,161),(3352,161,156),(3353,156,162),(3354,162,156),(3355,156,163),(3356,163,156),(3357,156,164),(3358,164,156),(3359,156,165),(3360,165,156),(3361,156,166),(3362,166,156),(3363,156,167),(3364,167,156),(3365,156,168),(3366,168,156),(3367,156,169),(3368,169,156),(3369,156,170),(3370,170,156),(3371,156,171),(3372,171,156),(3373,156,172),(3374,172,156),(3375,156,173),(3376,173,156),(3377,157,158),(3378,158,157),(3379,157,159),(3380,159,157),(3381,157,160),(3382,160,157),(3383,157,161),(3384,161,157),(3385,157,162),(3386,162,157),(3387,157,163),(3388,163,157),(3389,157,164),(3390,164,157),(3391,157,165),(3392,165,157),(3393,157,166),(3394,166,157),(3395,157,167),(3396,167,157),(3397,157,168),(3398,168,157),(3399,157,169),(3400,169,157),(3401,157,170),(3402,170,157),(3403,157,171),(3404,171,157),(3405,157,172),(3406,172,157),(3407,157,173),(3408,173,157),(3409,158,159),(3410,159,158),(3411,158,160),(3412,160,158),(3413,158,161),(3414,161,158),(3415,158,162),(3416,162,158),(3417,158,163),(3418,163,158),(3419,158,164),(3420,164,158),(3421,158,165),(3422,165,158),(3423,158,166),(3424,166,158),(3425,158,167),(3426,167,158),(3427,158,168),(3428,168,158),(3429,158,169),(3430,169,158),(3431,158,170),(3432,170,158),(3433,158,171),(3434,171,158),(3435,158,172),(3436,172,158),(3437,158,173),(3438,173,158),(3439,159,160),(3440,160,159),(3441,159,161),(3442,161,159),(3443,159,162),(3444,162,159),(3445,159,163),(3446,163,159),(3447,159,164),(3448,164,159),(3449,159,165),(3450,165,159),(3451,159,166),(3452,166,159),(3453,159,167),(3454,167,159),(3455,159,168),(3456,168,159),(3457,159,169),(3458,169,159),(3459,159,170),(3460,170,159),(3461,159,171),(3462,171,159),(3463,159,172),(3464,172,159),(3465,159,173),(3466,173,159),(3467,160,161),(3468,161,160),(3469,160,162),(3470,162,160),(3471,160,163),(3472,163,160),(3473,160,164),(3474,164,160),(3475,160,165),(3476,165,160),(3477,160,166),(3478,166,160),(3479,160,167),(3480,167,160),(3481,160,168),(3482,168,160),(3483,160,169),(3484,169,160),(3485,160,170),(3486,170,160),(3487,160,171),(3488,171,160),(3489,160,172),(3490,172,160),(3491,160,173),(3492,173,160),(3493,161,162),(3494,162,161),(3495,161,163),(3496,163,161),(3497,161,164),(3498,164,161),(3499,161,165),(3500,165,161),(3501,161,166),(3502,166,161),(3503,161,167),(3504,167,161),(3505,161,168),(3506,168,161),(3507,161,169),(3508,169,161),(3509,161,170),(3510,170,161),(3511,161,171),(3512,171,161),(3513,161,172),(3514,172,161),(3515,161,173),(3516,173,161),(3517,162,163),(3518,163,162),(3519,162,164),(3520,164,162),(3521,162,165),(3522,165,162),(3523,162,166),(3524,166,162),(3525,162,167),(3526,167,162),(3527,162,168),(3528,168,162),(3529,162,169),(3530,169,162),(3531,162,170),(3532,170,162),(3533,162,171),(3534,171,162),(3535,162,172),(3536,172,162),(3537,162,173),(3538,173,162),(3539,163,164),(3540,164,163),(3541,163,165),(3542,165,163),(3543,163,166),(3544,166,163),(3545,163,167),(3546,167,163),(3547,163,168),(3548,168,163),(3549,163,169),(3550,169,163),(3551,163,170),(3552,170,163),(3553,163,171),(3554,171,163),(3555,163,172),(3556,172,163),(3557,163,173),(3558,173,163),(3559,164,165),(3560,165,164),(3561,164,166),(3562,166,164),(3563,164,167),(3564,167,164),(3565,164,168),(3566,168,164),(3567,164,169),(3568,169,164),(3569,164,170),(3570,170,164),(3571,164,171),(3572,171,164),(3573,164,172),(3574,172,164),(3575,164,173),(3576,173,164),(3577,165,166),(3578,166,165),(3579,165,167),(3580,167,165),(3581,165,168),(3582,168,165),(3583,165,169),(3584,169,165),(3585,165,170),(3586,170,165),(3587,165,171),(3588,171,165),(3589,165,172),(3590,172,165),(3591,165,173),(3592,173,165),(3593,166,167),(3594,167,166),(3595,166,168),(3596,168,166),(3597,166,169),(3598,169,166),(3599,166,170),(3600,170,166),(3601,166,171),(3602,171,166),(3603,166,172),(3604,172,166),(3605,166,173),(3606,173,166),(3607,167,168),(3608,168,167),(3609,167,169),(3610,169,167),(3611,167,170),(3612,170,167),(3613,167,171),(3614,171,167),(3615,167,172),(3616,172,167),(3617,167,173),(3618,173,167),(3619,168,169),(3620,169,168),(3621,168,170),(3622,170,168),(3623,168,171),(3624,171,168),(3625,168,172),(3626,172,168),(3627,168,173),(3628,173,168),(3629,169,170),(3630,170,169),(3631,169,171),(3632,171,169),(3633,169,172),(3634,172,169),(3635,169,173),(3636,173,169),(3637,170,171),(3638,171,170),(3639,170,172),(3640,172,170),(3641,170,173),(3642,173,170),(3643,171,172),(3644,172,171),(3645,171,173),(3646,173,171),(3647,172,173),(3648,173,172),(3649,174,175),(3650,175,174),(3651,174,176),(3652,176,174),(3653,174,177),(3654,177,174),(3655,174,178),(3656,178,174),(3657,174,179),(3658,179,174),(3659,174,180),(3660,180,174),(3661,174,181),(3662,181,174),(3663,174,182),(3664,182,174),(3665,174,183),(3666,183,174),(3667,174,184),(3668,184,174),(3669,174,185),(3670,185,174),(3671,174,186),(3672,186,174),(3673,174,187),(3674,187,174),(3675,174,188),(3676,188,174),(3677,174,189),(3678,189,174),(3679,174,190),(3680,190,174),(3681,174,191),(3682,191,174),(3683,174,192),(3684,192,174),(3685,174,193),(3686,193,174),(3687,174,194),(3688,194,174),(3689,175,176),(3690,176,175),(3691,175,177),(3692,177,175),(3693,175,178),(3694,178,175),(3695,175,179),(3696,179,175),(3697,175,180),(3698,180,175),(3699,175,181),(3700,181,175),(3701,175,182),(3702,182,175),(3703,175,183),(3704,183,175),(3705,175,184),(3706,184,175),(3707,175,185),(3708,185,175),(3709,175,186),(3710,186,175),(3711,175,187),(3712,187,175),(3713,175,188),(3714,188,175),(3715,175,189),(3716,189,175),(3717,175,190),(3718,190,175),(3719,175,191),(3720,191,175),(3721,175,192),(3722,192,175),(3723,175,193),(3724,193,175),(3725,175,194),(3726,194,175),(3727,176,177),(3728,177,176),(3729,176,178),(3730,178,176),(3731,176,179),(3732,179,176),(3733,176,180),(3734,180,176),(3735,176,181),(3736,181,176),(3737,176,182),(3738,182,176),(3739,176,183),(3740,183,176),(3741,176,184),(3742,184,176),(3743,176,185),(3744,185,176),(3745,176,186),(3746,186,176),(3747,176,187),(3748,187,176),(3749,176,188),(3750,188,176),(3751,176,189),(3752,189,176),(3753,176,190),(3754,190,176),(3755,176,191),(3756,191,176),(3757,176,192),(3758,192,176),(3759,176,193),(3760,193,176),(3761,176,194),(3762,194,176),(3763,177,178),(3764,178,177),(3765,177,179),(3766,179,177),(3767,177,180),(3768,180,177),(3769,177,181),(3770,181,177),(3771,177,182),(3772,182,177),(3773,177,183),(3774,183,177),(3775,177,184),(3776,184,177),(3777,177,185),(3778,185,177),(3779,177,186),(3780,186,177),(3781,177,187),(3782,187,177),(3783,177,188),(3784,188,177),(3785,177,189),(3786,189,177),(3787,177,190),(3788,190,177),(3789,177,191),(3790,191,177),(3791,177,192),(3792,192,177),(3793,177,193),(3794,193,177),(3795,177,194),(3796,194,177),(3797,178,179),(3798,179,178),(3799,178,180),(3800,180,178),(3801,178,181),(3802,181,178),(3803,178,182),(3804,182,178),(3805,178,183),(3806,183,178),(3807,178,184),(3808,184,178),(3809,178,185),(3810,185,178),(3811,178,186),(3812,186,178),(3813,178,187),(3814,187,178),(3815,178,188),(3816,188,178),(3817,178,189),(3818,189,178),(3819,178,190),(3820,190,178),(3821,178,191),(3822,191,178),(3823,178,192),(3824,192,178),(3825,178,193),(3826,193,178),(3827,178,194),(3828,194,178),(3829,179,180),(3830,180,179),(3831,179,181),(3832,181,179),(3833,179,182),(3834,182,179),(3835,179,183),(3836,183,179),(3837,179,184),(3838,184,179),(3839,179,185),(3840,185,179),(3841,179,186),(3842,186,179),(3843,179,187),(3844,187,179),(3845,179,188),(3846,188,179),(3847,179,189),(3848,189,179),(3849,179,190),(3850,190,179),(3851,179,191),(3852,191,179),(3853,179,192),(3854,192,179),(3855,179,193),(3856,193,179),(3857,179,194),(3858,194,179),(3859,180,181),(3860,181,180),(3861,180,182),(3862,182,180),(3863,180,183),(3864,183,180),(3865,180,184),(3866,184,180),(3867,180,185),(3868,185,180),(3869,180,186),(3870,186,180),(3871,180,187),(3872,187,180),(3873,180,188),(3874,188,180),(3875,180,189),(3876,189,180),(3877,180,190),(3878,190,180),(3879,180,191),(3880,191,180),(3881,180,192),(3882,192,180),(3883,180,193),(3884,193,180),(3885,180,194),(3886,194,180),(3887,181,182),(3888,182,181),(3889,181,183),(3890,183,181),(3891,181,184),(3892,184,181),(3893,181,185),(3894,185,181),(3895,181,186),(3896,186,181),(3897,181,187),(3898,187,181),(3899,181,188),(3900,188,181),(3901,181,189),(3902,189,181),(3903,181,190),(3904,190,181),(3905,181,191),(3906,191,181),(3907,181,192),(3908,192,181),(3909,181,193),(3910,193,181),(3911,181,194),(3912,194,181),(3913,182,183),(3914,183,182),(3915,182,184),(3916,184,182),(3917,182,185),(3918,185,182),(3919,182,186),(3920,186,182),(3921,182,187),(3922,187,182),(3923,182,188),(3924,188,182),(3925,182,189),(3926,189,182),(3927,182,190),(3928,190,182),(3929,182,191),(3930,191,182),(3931,182,192),(3932,192,182),(3933,182,193),(3934,193,182),(3935,182,194),(3936,194,182),(3937,183,184),(3938,184,183),(3939,183,185),(3940,185,183),(3941,183,186),(3942,186,183),(3943,183,187),(3944,187,183),(3945,183,188),(3946,188,183),(3947,183,189),(3948,189,183),(3949,183,190),(3950,190,183),(3951,183,191),(3952,191,183),(3953,183,192),(3954,192,183),(3955,183,193),(3956,193,183),(3957,183,194),(3958,194,183),(3959,184,185),(3960,185,184),(3961,184,186),(3962,186,184),(3963,184,187),(3964,187,184),(3965,184,188),(3966,188,184),(3967,184,189),(3968,189,184),(3969,184,190),(3970,190,184),(3971,184,191),(3972,191,184),(3973,184,192),(3974,192,184),(3975,184,193),(3976,193,184),(3977,184,194),(3978,194,184),(3979,185,186),(3980,186,185),(3981,185,187),(3982,187,185),(3983,185,188),(3984,188,185),(3985,185,189),(3986,189,185),(3987,185,190),(3988,190,185),(3989,185,191),(3990,191,185),(3991,185,192),(3992,192,185),(3993,185,193),(3994,193,185),(3995,185,194),(3996,194,185),(3997,186,187),(3998,187,186),(3999,186,188),(4000,188,186),(4001,186,189),(4002,189,186),(4003,186,190),(4004,190,186),(4005,186,191),(4006,191,186),(4007,186,192),(4008,192,186),(4009,186,193),(4010,193,186),(4011,186,194),(4012,194,186),(4013,187,188),(4014,188,187),(4015,187,189),(4016,189,187),(4017,187,190),(4018,190,187),(4019,187,191),(4020,191,187),(4021,187,192),(4022,192,187),(4023,187,193),(4024,193,187),(4025,187,194),(4026,194,187),(4027,188,189),(4028,189,188),(4029,188,190),(4030,190,188),(4031,188,191),(4032,191,188),(4033,188,192),(4034,192,188),(4035,188,193),(4036,193,188),(4037,188,194),(4038,194,188),(4039,189,190),(4040,190,189),(4041,189,191),(4042,191,189),(4043,189,192),(4044,192,189),(4045,189,193),(4046,193,189),(4047,189,194),(4048,194,189),(4049,190,191),(4050,191,190),(4051,190,192),(4052,192,190),(4053,190,193),(4054,193,190),(4055,190,194),(4056,194,190),(4057,191,192),(4058,192,191),(4059,191,193),(4060,193,191),(4061,191,194),(4062,194,191),(4063,192,193),(4064,193,192),(4065,192,194),(4066,194,192),(4067,193,194),(4068,194,193),(4069,195,196),(4070,196,195),(4071,196,197),(4072,197,196);
/*!40000 ALTER TABLE `phrase_to_alternative` ENABLE KEYS */;
UNLOCK TABLES;

--
-- Table structure for table `phrase_to_reply`
--

DROP TABLE IF EXISTS `phrase_to_reply`;
/*!40101 SET @saved_cs_client     = @@character_set_client */;
/*!40101 SET character_set_client = utf8 */;
CREATE TABLE `phrase_to_reply` (
  `id` int(11) NOT NULL AUTO_INCREMENT,
  `phrase_id` int(11) NOT NULL,
  `reply_phrase_id` int(11) NOT NULL,
  PRIMARY KEY (`id`),
  KEY `IDX_6907FC248671F084` (`phrase_id`),
  KEY `IDX_6907FC244BD3810A` (`reply_phrase_id`),
  CONSTRAINT `FK_6907FC244BD3810A` FOREIGN KEY (`reply_phrase_id`) REFERENCES `phrase` (`id`) ON DELETE CASCADE,
  CONSTRAINT `FK_6907FC248671F084` FOREIGN KEY (`phrase_id`) REFERENCES `phrase` (`id`) ON DELETE CASCADE
) ENGINE=InnoDB AUTO_INCREMENT=1113 DEFAULT CHARSET=utf8mb4 COLLATE=utf8mb4_unicode_ci;
/*!40101 SET character_set_client = @saved_cs_client */;

--
-- Dumping data for table `phrase_to_reply`
--

LOCK TABLES `phrase_to_reply` WRITE;
/*!40000 ALTER TABLE `phrase_to_reply` DISABLE KEYS */;
INSERT INTO `phrase_to_reply` VALUES (1,74,92),(2,74,93),(3,74,94),(4,74,95),(5,74,96),(6,74,97),(7,74,98),(8,74,99),(9,74,100),(10,74,101),(11,74,102),(12,74,103),(13,74,104),(14,74,105),(15,74,106),(16,74,107),(17,74,108),(18,74,109),(19,74,110),(20,74,111),(21,74,112),(22,74,113),(23,74,114),(24,74,115),(25,74,116),(26,74,117),(27,74,118),(28,74,119),(29,74,120),(30,74,121),(31,74,122),(32,74,123),(33,74,124),(34,74,125),(35,74,126),(36,74,127),(37,74,128),(38,74,129),(39,74,130),(40,74,131),(41,75,92),(42,75,93),(43,75,94),(44,75,95),(45,75,96),(46,75,97),(47,75,98),(48,75,99),(49,75,100),(50,75,101),(51,75,102),(52,75,103),(53,75,104),(54,75,105),(55,75,106),(56,75,107),(57,75,108),(58,75,109),(59,75,110),(60,75,111),(61,75,112),(62,75,113),(63,75,114),(64,75,115),(65,75,116),(66,75,117),(67,75,118),(68,75,119),(69,75,120),(70,75,121),(71,75,122),(72,75,123),(73,75,124),(74,75,125),(75,75,126),(76,75,127),(77,75,128),(78,75,129),(79,75,130),(80,75,131),(81,76,92),(82,76,93),(83,76,94),(84,76,95),(85,76,96),(86,76,97),(87,76,98),(88,76,99),(89,76,100),(90,76,101),(91,76,102),(92,76,103),(93,76,104),(94,76,105),(95,76,106),(96,76,107),(97,76,108),(98,76,109),(99,76,110),(100,76,111),(101,76,112),(102,76,113),(103,76,114),(104,76,115),(105,76,116),(106,76,117),(107,76,118),(108,76,119),(109,76,120),(110,76,121),(111,76,122),(112,76,123),(113,76,124),(114,76,125),(115,76,126),(116,76,127),(117,76,128),(118,76,129),(119,76,130),(120,76,131),(121,78,92),(122,78,93),(123,78,94),(124,78,95),(125,78,96),(126,78,97),(127,78,98),(128,78,99),(129,78,100),(130,78,101),(131,78,102),(132,78,103),(133,78,104),(134,78,105),(135,78,106),(136,78,107),(137,78,108),(138,78,109),(139,78,110),(140,78,111),(141,78,112),(142,78,113),(143,78,114),(144,78,115),(145,78,116),(146,78,117),(147,78,118),(148,78,119),(149,78,120),(150,78,121),(151,78,122),(152,78,123),(153,78,124),(154,78,125),(155,78,126),(156,78,127),(157,78,128),(158,78,129),(159,78,130),(160,78,131),(161,79,92),(162,79,93),(163,79,94),(164,79,95),(165,79,96),(166,79,97),(167,79,98),(168,79,99),(169,79,100),(170,79,101),(171,79,102),(172,79,103),(173,79,104),(174,79,105),(175,79,106),(176,79,107),(177,79,108),(178,79,109),(179,79,110),(180,79,111),(181,79,112),(182,79,113),(183,79,114),(184,79,115),(185,79,116),(186,79,117),(187,79,118),(188,79,119),(189,79,120),(190,79,121),(191,79,122),(192,79,123),(193,79,124),(194,79,125),(195,79,126),(196,79,127),(197,79,128),(198,79,129),(199,79,130),(200,79,131),(201,80,92),(202,80,93),(203,80,94),(204,80,95),(205,80,96),(206,80,97),(207,80,98),(208,80,99),(209,80,100),(210,80,101),(211,80,102),(212,80,103),(213,80,104),(214,80,105),(215,80,106),(216,80,107),(217,80,108),(218,80,109),(219,80,110),(220,80,111),(221,80,112),(222,80,113),(223,80,114),(224,80,115),(225,80,116),(226,80,117),(227,80,118),(228,80,119),(229,80,120),(230,80,121),(231,80,122),(232,80,123),(233,80,124),(234,80,125),(235,80,126),(236,80,127),(237,80,128),(238,80,129),(239,80,130),(240,80,131),(241,81,92),(242,81,93),(243,81,94),(244,81,95),(245,81,96),(246,81,97),(247,81,98),(248,81,99),(249,81,100),(250,81,101),(251,81,102),(252,81,103),(253,81,104),(254,81,105),(255,81,106),(256,81,107),(257,81,108),(258,81,109),(259,81,110),(260,81,111),(261,81,112),(262,81,113),(263,81,114),(264,81,115),(265,81,116),(266,81,117),(267,81,118),(268,81,119),(269,81,120),(270,81,121),(271,81,122),(272,81,123),(273,81,124),(274,81,125),(275,81,126),(276,81,127),(277,81,128),(278,81,129),(279,81,130),(280,81,131),(281,82,92),(282,82,93),(283,82,94),(284,82,95),(285,82,96),(286,82,97),(287,82,98),(288,82,99),(289,82,100),(290,82,101),(291,82,102),(292,82,103),(293,82,104),(294,82,105),(295,82,106),(296,82,107),(297,82,108),(298,82,109),(299,82,110),(300,82,111),(301,82,112),(302,82,113),(303,82,114),(304,82,115),(305,82,116),(306,82,117),(307,82,118),(308,82,119),(309,82,120),(310,82,121),(311,82,122),(312,82,123),(313,82,124),(314,82,125),(315,82,126),(316,82,127),(317,82,128),(318,82,129),(319,82,130),(320,82,131),(321,83,92),(322,83,93),(323,83,94),(324,83,95),(325,83,96),(326,83,97),(327,83,98),(328,83,99),(329,83,100),(330,83,101),(331,83,102),(332,83,103),(333,83,104),(334,83,105),(335,83,106),(336,83,107),(337,83,108),(338,83,109),(339,83,110),(340,83,111),(341,83,112),(342,83,113),(343,83,114),(344,83,115),(345,83,116),(346,83,117),(347,83,118),(348,83,119),(349,83,120),(350,83,121),(351,83,122),(352,83,123),(353,83,124),(354,83,125),(355,83,126),(356,83,127),(357,83,128),(358,83,129),(359,83,130),(360,83,131),(361,84,92),(362,84,93),(363,84,94),(364,84,95),(365,84,96),(366,84,97),(367,84,98),(368,84,99),(369,84,100),(370,84,101),(371,84,102),(372,84,103),(373,84,104),(374,84,105),(375,84,106),(376,84,107),(377,84,108),(378,84,109),(379,84,110),(380,84,111),(381,84,112),(382,84,113),(383,84,114),(384,84,115),(385,84,116),(386,84,117),(387,84,118),(388,84,119),(389,84,120),(390,84,121),(391,84,122),(392,84,123),(393,84,124),(394,84,125),(395,84,126),(396,84,127),(397,84,128),(398,84,129),(399,84,130),(400,84,131),(401,85,92),(402,85,93),(403,85,94),(404,85,95),(405,85,96),(406,85,97),(407,85,98),(408,85,99),(409,85,100),(410,85,101),(411,85,102),(412,85,103),(413,85,104),(414,85,105),(415,85,106),(416,85,107),(417,85,108),(418,85,109),(419,85,110),(420,85,111),(421,85,112),(422,85,113),(423,85,114),(424,85,115),(425,85,116),(426,85,117),(427,85,118),(428,85,119),(429,85,120),(430,85,121),(431,85,122),(432,85,123),(433,85,124),(434,85,125),(435,85,126),(436,85,127),(437,85,128),(438,85,129),(439,85,130),(440,85,131),(441,86,92),(442,86,93),(443,86,94),(444,86,95),(445,86,96),(446,86,97),(447,86,98),(448,86,99),(449,86,100),(450,86,101),(451,86,102),(452,86,103),(453,86,104),(454,86,105),(455,86,106),(456,86,107),(457,86,108),(458,86,109),(459,86,110),(460,86,111),(461,86,112),(462,86,113),(463,86,114),(464,86,115),(465,86,116),(466,86,117),(467,86,118),(468,86,119),(469,86,120),(470,86,121),(471,86,122),(472,86,123),(473,86,124),(474,86,125),(475,86,126),(476,86,127),(477,86,128),(478,86,129),(479,86,130),(480,86,131),(481,87,92),(482,87,93),(483,87,94),(484,87,95),(485,87,96),(486,87,97),(487,87,98),(488,87,99),(489,87,100),(490,87,101),(491,87,102),(492,87,103),(493,87,104),(494,87,105),(495,87,106),(496,87,107),(497,87,108),(498,87,109),(499,87,110),(500,87,111),(501,87,112),(502,87,113),(503,87,114),(504,87,115),(505,87,116),(506,87,117),(507,87,118),(508,87,119),(509,87,120),(510,87,121),(511,87,122),(512,87,123),(513,87,124),(514,87,125),(515,87,126),(516,87,127),(517,87,128),(518,87,129),(519,87,130),(520,87,131),(521,88,92),(522,88,93),(523,88,94),(524,88,95),(525,88,96),(526,88,97),(527,88,98),(528,88,99),(529,88,100),(530,88,101),(531,88,102),(532,88,103),(533,88,104),(534,88,105),(535,88,106),(536,88,107),(537,88,108),(538,88,109),(539,88,110),(540,88,111),(541,88,112),(542,88,113),(543,88,114),(544,88,115),(545,88,116),(546,88,117),(547,88,118),(548,88,119),(549,88,120),(550,88,121),(551,88,122),(552,88,123),(553,88,124),(554,88,125),(555,88,126),(556,88,127),(557,88,128),(558,88,129),(559,88,130),(560,88,131),(561,89,92),(562,89,93),(563,89,94),(564,89,95),(565,89,96),(566,89,97),(567,89,98),(568,89,99),(569,89,100),(570,89,101),(571,89,102),(572,89,103),(573,89,104),(574,89,105),(575,89,106),(576,89,107),(577,89,108),(578,89,109),(579,89,110),(580,89,111),(581,89,112),(582,89,113),(583,89,114),(584,89,115),(585,89,116),(586,89,117),(587,89,118),(588,89,119),(589,89,120),(590,89,121),(591,89,122),(592,89,123),(593,89,124),(594,89,125),(595,89,126),(596,89,127),(597,89,128),(598,89,129),(599,89,130),(600,89,131),(601,90,92),(602,90,93),(603,90,94),(604,90,95),(605,90,96),(606,90,97),(607,90,98),(608,90,99),(609,90,100),(610,90,101),(611,90,102),(612,90,103),(613,90,104),(614,90,105),(615,90,106),(616,90,107),(617,90,108),(618,90,109),(619,90,110),(620,90,111),(621,90,112),(622,90,113),(623,90,114),(624,90,115),(625,90,116),(626,90,117),(627,90,118),(628,90,119),(629,90,120),(630,90,121),(631,90,122),(632,90,123),(633,90,124),(634,90,125),(635,90,126),(636,90,127),(637,90,128),(638,90,129),(639,90,130),(640,90,131),(641,91,92),(642,91,93),(643,91,94),(644,91,95),(645,91,96),(646,91,97),(647,91,98),(648,91,99),(649,91,100),(650,91,101),(651,91,102),(652,91,103),(653,91,104),(654,91,105),(655,91,106),(656,91,107),(657,91,108),(658,91,109),(659,91,110),(660,91,111),(661,91,112),(662,91,113),(663,91,114),(664,91,115),(665,91,116),(666,91,117),(667,91,118),(668,91,119),(669,91,120),(670,91,121),(671,91,122),(672,91,123),(673,91,124),(674,91,125),(675,91,126),(676,91,127),(677,91,128),(678,91,129),(679,91,130),(680,91,131),(681,132,150),(682,132,151),(683,132,152),(684,132,153),(685,132,154),(686,132,155),(687,132,156),(688,132,157),(689,132,158),(690,132,159),(691,132,160),(692,132,161),(693,132,162),(694,132,163),(695,132,164),(696,132,165),(697,132,166),(698,132,167),(699,132,168),(700,132,169),(701,132,170),(702,132,171),(703,132,172),(704,132,173),(705,133,150),(706,133,151),(707,133,152),(708,133,153),(709,133,154),(710,133,155),(711,133,156),(712,133,157),(713,133,158),(714,133,159),(715,133,160),(716,133,161),(717,133,162),(718,133,163),(719,133,164),(720,133,165),(721,133,166),(722,133,167),(723,133,168),(724,133,169),(725,133,170),(726,133,171),(727,133,172),(728,133,173),(729,134,150),(730,134,151),(731,134,152),(732,134,153),(733,134,154),(734,134,155),(735,134,156),(736,134,157),(737,134,158),(738,134,159),(739,134,160),(740,134,161),(741,134,162),(742,134,163),(743,134,164),(744,134,165),(745,134,166),(746,134,167),(747,134,168),(748,134,169),(749,134,170),(750,134,171),(751,134,172),(752,134,173),(753,135,150),(754,135,151),(755,135,152),(756,135,153),(757,135,154),(758,135,155),(759,135,156),(760,135,157),(761,135,158),(762,135,159),(763,135,160),(764,135,161),(765,135,162),(766,135,163),(767,135,164),(768,135,165),(769,135,166),(770,135,167),(771,135,168),(772,135,169),(773,135,170),(774,135,171),(775,135,172),(776,135,173),(777,136,150),(778,136,151),(779,136,152),(780,136,153),(781,136,154),(782,136,155),(783,136,156),(784,136,157),(785,136,158),(786,136,159),(787,136,160),(788,136,161),(789,136,162),(790,136,163),(791,136,164),(792,136,165),(793,136,166),(794,136,167),(795,136,168),(796,136,169),(797,136,170),(798,136,171),(799,136,172),(800,136,173),(801,137,150),(802,137,151),(803,137,152),(804,137,153),(805,137,154),(806,137,155),(807,137,156),(808,137,157),(809,137,158),(810,137,159),(811,137,160),(812,137,161),(813,137,162),(814,137,163),(815,137,164),(816,137,165),(817,137,166),(818,137,167),(819,137,168),(820,137,169),(821,137,170),(822,137,171),(823,137,172),(824,137,173),(825,138,150),(826,138,151),(827,138,152),(828,138,153),(829,138,154),(830,138,155),(831,138,156),(832,138,157),(833,138,158),(834,138,159),(835,138,160),(836,138,161),(837,138,162),(838,138,163),(839,138,164),(840,138,165),(841,138,166),(842,138,167),(843,138,168),(844,138,169),(845,138,170),(846,138,171),(847,138,172),(848,138,173),(849,139,150),(850,139,151),(851,139,152),(852,139,153),(853,139,154),(854,139,155),(855,139,156),(856,139,157),(857,139,158),(858,139,159),(859,139,160),(860,139,161),(861,139,162),(862,139,163),(863,139,164),(864,139,165),(865,139,166),(866,139,167),(867,139,168),(868,139,169),(869,139,170),(870,139,171),(871,139,172),(872,139,173),(873,140,150),(874,140,151),(875,140,152),(876,140,153),(877,140,154),(878,140,155),(879,140,156),(880,140,157),(881,140,158),(882,140,159),(883,140,160),(884,140,161),(885,140,162),(886,140,163),(887,140,164),(888,140,165),(889,140,166),(890,140,167),(891,140,168),(892,140,169),(893,140,170),(894,140,171),(895,140,172),(896,140,173),(897,141,150),(898,141,151),(899,141,152),(900,141,153),(901,141,154),(902,141,155),(903,141,156),(904,141,157),(905,141,158),(906,141,159),(907,141,160),(908,141,161),(909,141,162),(910,141,163),(911,141,164),(912,141,165),(913,141,166),(914,141,167),(915,141,168),(916,141,169),(917,141,170),(918,141,171),(919,141,172),(920,141,173),(921,142,150),(922,142,151),(923,142,152),(924,142,153),(925,142,154),(926,142,155),(927,142,156),(928,142,157),(929,142,158),(930,142,159),(931,142,160),(932,142,161),(933,142,162),(934,142,163),(935,142,164),(936,142,165),(937,142,166),(938,142,167),(939,142,168),(940,142,169),(941,142,170),(942,142,171),(943,142,172),(944,142,173),(945,143,150),(946,143,151),(947,143,152),(948,143,153),(949,143,154),(950,143,155),(951,143,156),(952,143,157),(953,143,158),(954,143,159),(955,143,160),(956,143,161),(957,143,162),(958,143,163),(959,143,164),(960,143,165),(961,143,166),(962,143,167),(963,143,168),(964,143,169),(965,143,170),(966,143,171),(967,143,172),(968,143,173),(969,144,150),(970,144,151),(971,144,152),(972,144,153),(973,144,154),(974,144,155),(975,144,156),(976,144,157),(977,144,158),(978,144,159),(979,144,160),(980,144,161),(981,144,162),(982,144,163),(983,144,164),(984,144,165),(985,144,166),(986,144,167),(987,144,168),(988,144,169),(989,144,170),(990,144,171),(991,144,172),(992,144,173),(993,145,150),(994,145,151),(995,145,152),(996,145,153),(997,145,154),(998,145,155),(999,145,156),(1000,145,157),(1001,145,158),(1002,145,159),(1003,145,160),(1004,145,161),(1005,145,162),(1006,145,163),(1007,145,164),(1008,145,165),(1009,145,166),(1010,145,167),(1011,145,168),(1012,145,169),(1013,145,170),(1014,145,171),(1015,145,172),(1016,145,173),(1017,146,150),(1018,146,151),(1019,146,152),(1020,146,153),(1021,146,154),(1022,146,155),(1023,146,156),(1024,146,157),(1025,146,158),(1026,146,159),(1027,146,160),(1028,146,161),(1029,146,162),(1030,146,163),(1031,146,164),(1032,146,165),(1033,146,166),(1034,146,167),(1035,146,168),(1036,146,169),(1037,146,170),(1038,146,171),(1039,146,172),(1040,146,173),(1041,147,150),(1042,147,151),(1043,147,152),(1044,147,153),(1045,147,154),(1046,147,155),(1047,147,156),(1048,147,157),(1049,147,158),(1050,147,159),(1051,147,160),(1052,147,161),(1053,147,162),(1054,147,163),(1055,147,164),(1056,147,165),(1057,147,166),(1058,147,167),(1059,147,168),(1060,147,169),(1061,147,170),(1062,147,171),(1063,147,172),(1064,147,173),(1065,148,150),(1066,148,151),(1067,148,152),(1068,148,153),(1069,148,154),(1070,148,155),(1071,148,156),(1072,148,157),(1073,148,158),(1074,148,159),(1075,148,160),(1076,148,161),(1077,148,162),(1078,148,163),(1079,148,164),(1080,148,165),(1081,148,166),(1082,148,167),(1083,148,168),(1084,148,169),(1085,148,170),(1086,148,171),(1087,148,172),(1088,148,173),(1089,149,150),(1090,149,151),(1091,149,152),(1092,149,153),(1093,149,154),(1094,149,155),(1095,149,156),(1096,149,157),(1097,149,158),(1098,149,159),(1099,149,160),(1100,149,161),(1101,149,162),(1102,149,163),(1103,149,164),(1104,149,165),(1105,149,166),(1106,149,167),(1107,149,168),(1108,149,169),(1109,149,170),(1110,149,171),(1111,149,172),(1112,149,173);
/*!40000 ALTER TABLE `phrase_to_reply` ENABLE KEYS */;
UNLOCK TABLES;

--
-- Table structure for table `phrase_typ`
--

DROP TABLE IF EXISTS `phrase_typ`;
/*!40101 SET @saved_cs_client     = @@character_set_client */;
/*!40101 SET character_set_client = utf8 */;
CREATE TABLE `phrase_typ` (
  `id` int(11) NOT NULL AUTO_INCREMENT,
  `name` varchar(255) COLLATE utf8mb4_unicode_ci NOT NULL,
  PRIMARY KEY (`id`)
) ENGINE=InnoDB AUTO_INCREMENT=8 DEFAULT CHARSET=utf8mb4 COLLATE=utf8mb4_unicode_ci;
/*!40101 SET character_set_client = @saved_cs_client */;

--
-- Dumping data for table `phrase_typ`
--

LOCK TABLES `phrase_typ` WRITE;
/*!40000 ALTER TABLE `phrase_typ` DISABLE KEYS */;
INSERT INTO `phrase_typ` VALUES (1,'DefaultType'),(2,'Question'),(3,'Answer'),(4,'Statement'),(5,'Opinion'),(6,'Insult'),(7,'Greeting');
/*!40000 ALTER TABLE `phrase_typ` ENABLE KEYS */;
UNLOCK TABLES;

--
-- Table structure for table `user`
--

DROP TABLE IF EXISTS `user`;
/*!40101 SET @saved_cs_client     = @@character_set_client */;
/*!40101 SET character_set_client = utf8 */;
CREATE TABLE `user` (
  `id` int(11) NOT NULL AUTO_INCREMENT,
  `email` varchar(180) COLLATE utf8mb4_unicode_ci NOT NULL,
  `roles` longtext COLLATE utf8mb4_unicode_ci NOT NULL COMMENT '(DC2Type:json)',
  `password` varchar(255) COLLATE utf8mb4_unicode_ci DEFAULT NULL,
  `name` varchar(255) COLLATE utf8mb4_unicode_ci NOT NULL,
  `gender` varchar(255) COLLATE utf8mb4_unicode_ci DEFAULT NULL,
  `conversation` longtext COLLATE utf8mb4_unicode_ci DEFAULT NULL COMMENT '(DC2Type:array)',
  PRIMARY KEY (`id`),
  UNIQUE KEY `UNIQ_8D93D649E7927C74` (`email`)
) ENGINE=InnoDB AUTO_INCREMENT=5 DEFAULT CHARSET=utf8mb4 COLLATE=utf8mb4_unicode_ci;
/*!40101 SET character_set_client = @saved_cs_client */;

--
-- Dumping data for table `user`
--

LOCK TABLES `user` WRITE;
/*!40000 ALTER TABLE `user` DISABLE KEYS */;
INSERT INTO `user` VALUES (1,'user_0@test.de','[]','$argon2id$v=19$m=65536,t=6,p=1$uUKg+qzouIjm6bBU3KhNXQ$sGpkTbp3KJiFXU28fubEYwdnEmnW+ISWWL0KnGu4SvQ','user 0',NULL,'a:1:{i:0;s:0:\"\";}'),(2,'user_1@test.de','[]','$argon2id$v=19$m=65536,t=6,p=1$2b4VhJ4uKFM7gvbMjHLWmQ$SibEZaKugpZi4n1LKXLPNuUnGZWkPtIMlEGECAcTCWM','user 1',NULL,'a:0:{}'),(3,'user_2@test.de','[]','$argon2id$v=19$m=65536,t=6,p=1$b6XAiQdmV8SOD/Zjji8+1Q$VdOD/7YIWZUxck8GtMOfq8HNO8QQms8Qn3aHYk0mvxM','user 2',NULL,'a:0:{}'),(4,'dario.lang@flagbit.de','[]','$argon2id$v=19$m=65536,t=6,p=1$5t9anBdOVOhUG+jTV8JxGA$+mzTnxOL/ZA0Do+lkUQhAPm9hzMAYQdw+ZGapUV4WNs','Dario','shemale','a:2:{i:0;s:0:\"\";i:1;s:0:\"\";}');
/*!40000 ALTER TABLE `user` ENABLE KEYS */;
UNLOCK TABLES;
/*!40103 SET TIME_ZONE=@OLD_TIME_ZONE */;

/*!40101 SET SQL_MODE=@OLD_SQL_MODE */;
/*!40014 SET FOREIGN_KEY_CHECKS=@OLD_FOREIGN_KEY_CHECKS */;
/*!40014 SET UNIQUE_CHECKS=@OLD_UNIQUE_CHECKS */;
/*!40101 SET CHARACTER_SET_CLIENT=@OLD_CHARACTER_SET_CLIENT */;
/*!40101 SET CHARACTER_SET_RESULTS=@OLD_CHARACTER_SET_RESULTS */;
/*!40101 SET COLLATION_CONNECTION=@OLD_COLLATION_CONNECTION */;
/*!40111 SET SQL_NOTES=@OLD_SQL_NOTES */;

-- Dump completed on 2019-06-24 11:13:25
